Edad,Ingreso_Mensual,Antiguedad_Laboral,Deuda_Actual,Historial_Credito,Aprobado
59,914,25,3883,2,0
49,2813,35,6225,7,0
35,2761,39,4157,5,0
63,4430,0,7544,2,1
28,3333,14,6176,7,1
41,2702,0,3587,2,1
59,2909,10,5064,8,1
39,4023,1,3212,2,1
43,2815,0,4634,0,1
31,2301,30,3890,1,1
31,2724,15,7349,3,1
44,3940,21,9232,1,0
56,3496,17,2137,3,1
60,3044,16,1153,3,1
44,3191,29,4509,3,1
23,2440,9,1963,0,0
42,2806,34,5092,8,1
22,2336,20,6497,9,1
44,2705,15,7988,6,1
64,4346,5,5402,1,0
50,1922,2,4613,2,1
58,2311,20,1043,7,0
22,1745,12,5052,6,1
41,1529,17,5142,3,1
53,2813,23,6277,3,0
32,2382,26,3583,8,0
42,4761,3,4129,4,1
64,2717,21,2043,4,0
45,4289,23,417,6,1
69,3968,39,2783,0,1
47,2791,9,1859,2,0
62,5110,1,5673,1,1
48,3268,39,3963,9,0
36,4513,5,3923,5,1
35,4396,17,3031,5,0
67,3414,16,-1465,9,1
64,3751,37,8016,0,1
23,3624,22,2999,5,1
57,1855,29,4175,9,0
27,3057,20,2090,1,0
41,4074,9,6943,3,1
29,4526,12,5286,5,1
59,2279,11,3347,2,0
38,3528,8,4215,2,0
24,3150,3,8356,2,0
45,2882,38,4854,3,1
34,3356,23,4636,8,0
29,3217,33,3117,3,0
46,3541,38,1210,3,0
22,4441,4,4679,3,1
40,3784,14,5650,6,0
48,3310,3,7199,4,1
67,4864,38,503,1,0
27,4109,7,2749,6,1
64,2907,23,3838,2,1
28,1782,27,4993,0,0
67,2012,26,4709,8,0
55,3933,0,4756,4,1
34,2369,33,5816,9,1
37,1991,16,3193,0,1
56,2241,36,6868,0,0
60,2312,37,5866,0,1
24,3850,25,4360,8,1
22,2843,23,8201,7,1
26,1627,38,8112,5,1
62,3031,20,6865,9,1
24,3222,29,-1037,5,0
49,2520,12,8157,5,0
38,4155,36,6589,3,1
46,2579,2,9012,4,1
64,4108,31,7474,9,0
54,3596,34,8156,2,1
30,3926,18,6757,2,1
56,1901,13,7697,9,0
34,3098,21,8988,6,0
51,2947,16,5433,4,1
68,1577,3,1855,7,0
35,4105,39,4385,4,0
28,2182,18,5779,3,0
34,2390,36,5149,2,0
43,1986,1,2506,1,1
60,3701,14,1737,2,1
41,1474,1,3517,6,1
36,3617,10,6615,7,1
65,4044,22,8160,4,1
38,3537,9,6833,0,0
67,3712,2,7114,2,0
44,3759,4,4838,3,1
46,2050,2,1515,9,1
45,4434,37,4089,3,0
65,2539,12,4482,0,0
61,2933,18,4005,9,1
49,2667,39,5109,8,0
35,3491,34,5882,9,1
65,2461,23,6706,3,0
21,3066,23,4443,1,0
45,1764,16,1192,8,1
27,4164,39,4034,3,1
29,3670,9,5087,3,1
44,2707,1,7445,5,0
21,2530,22,3864,7,1
64,3644,5,6025,4,1
28,2292,1,5580,7,0
44,3125,20,5087,0,0
31,4161,34,6861,3,0
37,2188,28,3678,0,1
28,3368,6,3849,2,1
55,3315,28,4976,6,0
55,2902,36,3719,0,0
53,2496,22,6016,4,0
25,4214,32,3573,0,1
62,2402,7,5452,5,0
59,1187,11,4799,8,0
61,3640,9,5429,2,1
48,1798,14,4080,5,1
27,3691,23,4321,3,0
29,4334,25,5192,5,1
28,3629,38,5404,1,0
32,4071,2,4991,3,1
54,5020,1,8410,6,1
53,3966,5,3018,5,1
68,3330,20,4871,8,1
43,4633,8,1852,6,0
44,4754,9,5744,0,1
57,4768,35,2769,5,0
55,2507,2,4443,2,0
64,1645,23,4255,7,1
60,2446,21,5561,0,1
42,3703,13,3894,9,1
47,3159,26,3809,1,0
55,2793,32,7871,2,1
21,3560,21,5569,2,0
55,1529,28,3877,6,1
57,3141,18,4498,7,0
67,4118,18,8290,8,0
34,3549,5,4529,6,0
23,3691,18,3621,7,1
21,4597,12,3630,5,0
25,2933,25,3901,1,1
46,2346,21,3811,0,0
34,4189,20,2440,2,0
59,4171,35,2751,8,0
47,3558,1,3341,6,1
29,2839,29,6183,1,0
35,3001,26,4237,0,0
35,1723,6,4585,1,1
46,4112,19,7540,2,0
62,4077,30,7590,5,1
33,1688,22,4435,8,0
52,3867,12,3738,7,1
59,3404,16,3271,9,0
69,1978,3,6385,8,1
52,1793,13,4590,7,1
24,3373,19,4227,6,1
50,2602,12,3372,5,1
57,4819,2,3460,7,1
43,3952,25,5640,5,0
59,3473,25,2369,1,0
65,3523,17,6989,8,1
35,4330,31,3932,8,1
63,3846,13,4700,2,0
49,3499,2,2326,8,1
56,2019,0,4975,1,0
33,6061,25,4343,2,1
52,1896,23,4899,5,1
27,2687,34,7943,3,1
42,1345,13,5355,7,0
48,3538,2,3410,0,1
22,3151,12,3577,5,1
62,3765,13,6190,1,0
65,1260,20,7597,5,1
26,4112,25,5563,0,1
48,2192,2,6377,1,0
48,2850,39,6219,8,0
64,3931,3,7838,5,0
64,3261,35,1100,7,1
40,3331,0,6334,6,1
50,3799,39,6967,8,1
31,3428,32,2322,8,0
48,2658,6,3228,3,1
45,2833,10,3298,6,1
59,3211,26,3542,4,1
53,2104,13,4036,6,0
21,3996,21,5485,3,1
47,3288,15,6731,9,1
33,3074,11,7162,0,0
61,4192,9,3324,3,1
23,2879,23,3310,9,1
59,2817,17,7631,2,0
26,2515,21,6293,8,1
28,3343,8,5165,4,0
47,3308,16,5946,3,1
29,2333,37,4940,7,0
57,2822,39,6049,4,0
53,2340,12,4327,2,1
62,2295,36,5537,1,1
64,1270,5,1978,7,1
44,2769,20,3624,1,1
35,1297,35,3645,7,1
52,2537,6,4251,4,1
52,2387,35,3146,7,1
44,4051,24,3932,4,0
61,1985,10,1971,0,0
69,2238,13,6097,1,0
69,2618,28,4834,5,1
32,2419,9,1589,2,0
59,4369,4,3330,7,0
22,1861,7,5673,4,0
23,2620,4,3913,2,1
69,3332,23,3606,9,0
57,3881,39,4850,6,0
69,2619,25,5687,7,1
37,1081,5,2127,3,1
69,2849,15,6100,8,0
22,4352,35,3399,5,1
22,3282,11,4964,0,0
48,3236,10,4929,4,1
43,1936,2,3945,4,0
57,1834,36,2952,6,1
52,3018,5,4428,6,1
53,1573,18,8250,5,1
21,3781,17,2276,7,0
39,2153,15,8384,1,1
22,2975,22,4480,6,0
64,1114,36,5070,9,1
46,2606,8,2826,6,1
52,1814,2,3457,3,1
26,678,7,3994,9,1
52,3541,37,2908,1,1
24,4641,3,4582,3,1
31,4129,11,4185,3,0
37,3681,30,8701,5,1
58,2585,24,2668,6,1
44,3805,15,5205,2,1
25,4223,13,5495,9,1
54,3136,12,2859,0,1
26,1815,6,6373,2,1
42,2500,11,4203,8,1
31,4702,36,15,0,0
68,2925,3,6319,7,1
36,-324,1,2766,1,1
53,1531,34,2904,5,0
29,2575,2,6375,2,0
26,4035,3,4305,6,1
36,2726,37,6835,1,0
49,4054,11,7420,3,1
23,2473,18,3710,9,1
40,1035,9,6586,8,1
56,2508,0,3489,5,1
39,3344,16,9466,3,1
46,3261,15,3614,1,1
23,1744,8,7052,9,0
39,2648,8,6687,8,1
40,5684,8,5632,3,1
52,1766,11,3658,8,1
27,3660,14,4697,1,1
61,903,1,692,6,0
53,3863,10,5448,4,1
60,2107,10,5699,7,1
59,3402,7,5266,7,0
38,1708,31,-946,3,1
60,3290,5,2468,3,1
21,2091,19,3503,7,1
31,2284,38,5583,2,1
48,3441,34,5578,6,0
45,2569,7,4659,7,1
43,3380,33,6270,7,0
51,2809,18,2947,9,1
50,3067,6,6220,3,1
62,3445,30,5949,8,1
55,2649,17,5755,9,1
27,2003,39,4635,3,0
36,2467,13,8661,7,1
46,4195,38,5986,5,1
68,3116,35,3063,4,1
69,2155,16,5496,3,0
22,3401,36,6504,4,1
21,3468,8,3823,0,1
68,3519,19,7178,6,1
32,2022,27,5764,7,1
25,2317,19,315,8,0
57,2323,35,5599,2,1
52,2639,26,4187,8,1
29,3538,7,6074,9,0
61,3296,31,6888,4,1
55,3375,0,5390,9,1
39,4354,16,8330,5,0
68,3688,8,4642,0,0
36,2858,19,6249,8,0
23,1816,31,6609,8,0
40,2285,1,4805,5,0
44,2738,31,6557,7,0
53,3829,8,3810,3,0
44,2972,29,4154,4,1
31,2343,19,2375,4,1
69,2267,37,5482,6,0
28,2930,0,5650,6,1
56,3889,4,7358,6,1
58,4591,34,6582,4,1
60,2794,35,4430,3,1
40,2955,0,2643,7,1
55,1786,13,5865,0,0
68,4939,8,7221,0,0
45,1598,29,6510,5,1
55,4171,23,7168,1,1
45,2634,3,4576,2,1
49,2400,13,4066,3,0
38,1889,24,3526,1,1
66,5410,3,4888,9,1
38,3221,24,4842,6,1
22,3021,9,5413,9,0
55,3886,34,4741,0,1
36,2349,6,4732,2,1
61,3001,12,3446,1,1
56,3056,3,6883,8,1
53,2487,35,5153,7,0
24,4199,13,4651,2,1
53,2781,17,3505,4,0
34,1446,7,2336,2,1
41,2698,31,7615,5,0
68,3249,26,6109,4,1
40,2106,36,1752,1,1
28,2185,22,6526,9,1
27,2453,6,6844,7,1
23,4221,11,5248,5,1
37,2512,24,8196,2,1
53,4429,2,5433,0,0
68,2385,25,2166,4,0
32,3325,3,5730,1,1
42,2553,35,5489,1,0
42,3754,14,3793,8,1
66,1881,31,6147,9,0
50,3742,28,1664,6,1
58,3113,9,6981,5,1
58,2360,20,3243,0,1
65,2833,15,3030,9,0
28,4533,18,4772,1,0
47,3137,28,5865,6,0
47,2297,17,5327,2,0
54,1795,15,3514,1,1
41,3505,0,3987,5,1
50,3195,1,2733,7,0
53,3695,14,4550,7,1
48,1537,38,7150,1,1
67,1827,27,4991,5,0
53,4146,0,6718,4,1
25,3331,4,7910,6,0
68,3533,21,3823,3,1
39,2037,35,4626,1,1
24,2019,12,9342,9,0
55,3991,0,7888,2,1
69,4038,15,1655,8,1
37,1911,21,5774,9,0
64,1720,31,5001,7,1
48,2891,15,6652,8,1
50,2200,14,3510,4,1
49,2179,11,3320,4,1
66,1748,0,3647,6,1
26,2531,16,3856,6,1
55,1845,27,6630,0,1
61,1904,6,2637,4,1
57,3298,8,3754,7,0
44,2944,21,1421,6,1
49,3484,25,7014,1,0
69,1350,11,7542,7,0
66,3009,6,4345,1,1
51,5075,14,4404,9,1
55,2627,37,5906,0,1
53,3824,20,7948,2,1
41,3816,13,5817,2,1
52,3865,1,3604,5,1
43,3166,7,1762,2,0
53,3566,5,2769,6,0
23,3699,36,5146,7,0
38,3635,36,3689,2,1
45,1882,32,5389,8,0
62,1292,5,3894,0,0
51,1446,25,2883,2,1
23,2729,38,2645,2,1
60,3593,36,8124,6,1
66,1895,13,6777,4,0
44,3923,36,8461,3,1
52,2497,7,6079,1,1
67,2507,38,4140,6,1
42,2163,12,7646,2,1
43,1115,12,4933,6,0
22,3229,39,5441,9,1
47,4712,27,4914,6,0
62,2937,17,-893,1,0
22,1149,18,8209,6,0
46,3780,37,5982,5,1
37,1375,31,5659,9,1
60,1790,21,4876,3,1
53,2761,1,5326,4,1
29,3122,12,3805,7,0
63,1991,22,6233,4,1
68,2722,24,2385,2,1
59,3715,27,5372,1,1
49,3852,10,6123,5,1
62,4251,32,4602,5,0
46,4909,23,5741,6,1
55,3809,1,3017,7,1
45,2783,29,3068,3,1
44,3859,16,5473,7,1
33,3466,39,6357,0,1
27,3506,33,1250,5,0
56,3177,37,6044,5,1
65,2087,21,3913,2,1
40,1971,4,4614,8,0
21,2902,39,2320,4,0
28,3148,15,3296,0,1
66,2320,12,6932,6,0
36,3423,25,5065,9,0
34,5080,30,4234,2,1
32,1255,38,4767,9,1
43,3582,22,5978,9,0
35,2934,11,5880,3,1
48,3450,13,4849,5,1
54,2569,17,7185,7,1
22,2853,26,6940,3,1
52,3129,27,5826,8,1
43,2698,17,5109,7,0
42,1479,15,6314,9,1
45,2766,15,5628,9,0
42,1583,12,7121,5,0
42,3653,28,6799,6,1
69,1134,8,2963,7,0
62,4028,25,2828,1,1
26,3429,27,3597,4,1
35,3433,12,6952,6,0
63,835,35,1847,7,0
57,2671,8,5789,4,1
53,4153,13,5725,2,1
28,2481,11,7325,5,1
64,1921,31,5360,4,1
64,2363,37,2313,7,0
25,2931,2,3081,8,0
59,2148,15,2636,8,1
24,4233,19,3924,5,0
26,2935,31,4634,3,1
65,2444,22,2669,3,1
52,1698,16,7941,8,1
50,3484,15,2349,3,1
67,3461,37,7692,7,1
55,2207,7,7370,8,1
60,763,18,6796,4,1
36,3410,29,3612,5,1
33,2813,33,5684,2,1
62,3336,13,2445,4,1
50,4957,21,6821,4,1
39,2973,16,4852,1,1
37,2486,14,4181,9,0
39,1852,31,2552,5,0
48,2687,12,44,8,0
46,3160,20,2922,6,0
57,3053,39,7225,7,1
46,4723,32,4194,1,0
43,3499,26,4661,8,1
29,2865,34,6311,2,1
32,2293,15,8611,9,0
21,3266,27,7650,4,0
21,2092,33,3055,6,1
67,3179,0,1114,3,1
54,3487,30,9719,6,1
52,2783,35,9537,7,1
68,2369,32,5376,9,1
45,814,32,2459,9,1
60,4143,38,6926,3,0
65,3403,17,4784,4,1
21,3427,22,4774,2,0
36,1438,22,6788,4,1
59,4379,14,5668,7,1
25,2534,25,2628,2,1
42,2711,29,4350,4,0
49,1930,24,6322,9,1
23,1213,15,6020,0,1
32,4157,38,5524,1,1
46,4286,13,6866,2,0
36,2834,16,4276,0,1
57,2320,11,5357,8,1
42,2622,28,-1751,8,1
49,2650,31,4100,4,1
34,1800,23,6527,3,1
48,2707,12,4219,4,0
25,3153,19,4067,3,0
67,4018,14,2917,4,1
69,3014,3,7006,6,1
50,1423,33,6096,7,0
66,3353,27,6650,1,1
25,2744,1,1547,3,1
32,4370,29,4679,7,0
36,4429,25,4439,6,1
46,4464,25,4438,8,0
46,2438,19,3767,4,0
68,4989,27,4307,5,1
41,3350,19,6699,7,1
59,4626,10,1174,4,0
56,2497,9,8554,8,1
53,2701,22,5967,3,0
50,3274,36,4915,7,0
57,3151,18,6813,2,0
43,4254,17,2096,4,0
30,2767,26,3670,7,0
25,4164,5,4757,9,1
56,3732,9,7731,6,1
54,2786,1,4907,0,0
51,3654,23,5900,3,0
30,2526,37,3820,1,0
39,5350,27,5973,1,1
52,335,27,8354,6,0
21,3672,38,6991,2,0
25,1235,1,4837,2,1
65,2774,4,6350,5,1
24,2914,10,6155,5,0
36,4507,9,6013,0,1
44,2307,1,7223,0,0
36,4308,14,7208,5,0
22,1821,38,4745,6,1
69,4346,36,6283,8,1
48,2525,6,4233,3,1
52,3073,19,3153,9,0
47,2663,33,4461,5,1
40,4282,34,4847,2,0
44,4087,33,1676,3,1
32,3443,21,6720,8,1
55,1848,30,-534,0,0
53,2284,22,10429,4,1
53,1971,18,8003,6,1
63,751,3,4477,2,0
57,4261,23,5018,1,1
32,2672,19,5605,1,1
23,2661,38,3821,0,0
21,4496,27,5385,4,1
53,2524,38,4712,2,1
60,2159,16,4811,6,1
30,2775,18,5362,0,1
63,1867,34,2372,8,1
64,3344,31,5079,1,0
49,2626,38,5326,7,1
33,2492,34,5257,9,0
32,2406,29,4568,3,0
51,2893,16,7275,5,0
66,3083,28,4292,8,1
22,2480,5,5454,6,1
55,2641,16,7594,7,0
43,2918,16,4841,6,1
37,2817,13,5428,1,0
46,3031,23,4807,8,1
28,2323,36,7474,0,1
49,4004,39,4484,1,0
46,3096,38,7566,2,0
30,2496,31,4792,2,0
46,3344,35,3281,9,0
54,2925,36,6358,3,1
61,1266,13,4390,4,0
27,3340,26,6241,5,1
24,1980,18,-458,0,1
65,3934,30,5010,7,1
31,2758,8,4080,5,0
49,3780,37,2873,9,1
56,2369,16,3893,8,1
45,3069,18,3852,4,1
41,4210,3,4904,6,1
56,2730,10,2265,3,0
30,2409,21,5632,5,0
57,3655,3,7732,5,1
29,3635,16,5561,3,1
44,2451,7,6617,5,1
55,1014,33,7189,7,0
69,2389,10,7472,4,1
55,3677,30,8740,1,0
68,2224,10,4001,8,0
56,2989,37,3563,3,1
38,2342,20,6566,3,0
69,1067,29,6416,6,1
59,2324,9,6551,9,1
52,3673,25,8778,9,1
44,629,26,5022,5,1
43,3252,7,5852,3,1
52,1813,38,3039,5,0
57,3608,7,9270,2,1
32,3714,7,4326,6,1
69,2828,33,4383,5,1
33,2830,15,4306,2,1
43,2193,12,3710,0,0
45,1654,22,3541,9,0
55,4698,11,3952,4,0
61,2134,26,2268,9,1
50,4567,21,3429,1,1
37,2140,31,8897,6,1
69,3525,26,6471,6,1
40,1862,1,6851,3,1
68,3523,32,7354,5,0
45,2674,25,8668,0,0
42,2687,27,1457,1,1
33,3610,18,2540,5,1
39,2530,4,3392,1,0
69,1571,32,4060,3,1
56,3761,19,4398,3,0
32,1854,29,4106,9,1
61,3516,7,5438,8,0
39,3972,37,5070,9,1
32,2624,16,3554,6,0
29,4182,0,648,6,1
27,3481,2,3014,0,1
48,2304,25,3901,4,1
34,4401,30,4505,2,1
51,1858,7,2740,2,0
39,2623,7,4018,5,0
67,2793,34,2738,3,1
36,3605,38,4748,7,1
25,4115,27,2853,3,0
55,4052,3,3302,7,1
32,3223,15,2382,3,0
45,2719,12,4692,2,0
41,1174,19,3267,4,1
56,1685,4,6813,4,1
43,4766,36,5811,9,1
36,1163,19,4860,9,1
59,2215,23,3405,0,1
65,4144,35,5761,7,0
62,3209,33,6381,7,1
59,3928,33,5285,7,1
34,3542,18,8207,9,0
51,4469,16,5919,3,0
25,3295,4,6827,8,1
55,3663,24,5267,9,1
43,2275,17,6351,2,0
49,3586,7,3406,6,0
63,2603,26,4083,5,0
31,2546,14,5698,8,0
38,3894,12,5684,3,1
67,3901,15,6015,3,1
32,4688,21,7200,5,1
29,4623,19,2150,7,0
30,3917,12,3051,2,1
64,1279,19,5459,7,0
37,4827,1,3551,7,0
58,3917,34,11755,6,1
27,2234,18,6031,6,0
66,3728,36,4843,4,0
33,1962,5,3969,1,1
60,3618,13,4039,1,0
62,1683,3,5060,9,1
29,2191,21,5223,7,0
47,3709,38,4086,5,0
22,4072,35,4453,7,1
25,3325,33,7688,2,1
49,2713,26,7769,0,1
57,885,6,5504,5,1
58,2790,2,2317,1,1
39,3533,32,6077,8,1
28,2683,1,8108,4,0
68,2977,15,7739,4,1
65,2814,24,6468,9,1
21,2678,14,7844,7,1
42,3075,23,5106,5,1
37,2727,14,6256,2,0
27,4443,30,3638,8,1
45,793,13,5584,9,1
65,2454,13,7659,3,1
24,2129,5,3821,9,1
56,3219,13,3277,3,1
26,3077,16,5194,1,1
51,4622,17,4546,2,1
39,4951,19,6298,3,1
64,2226,16,4093,6,1
59,3000,15,8436,2,1
47,3196,39,2420,7,1
30,2202,38,7507,7,0
46,3628,31,3470,9,1
39,2760,8,1408,1,1
59,1932,26,5475,3,1
23,2720,32,4490,7,1
65,2002,9,2780,0,0
33,4036,16,1637,0,0
48,4901,35,4983,3,0
40,3244,16,6951,1,1
48,3111,17,6169,0,0
28,3152,22,5113,7,1
61,4182,33,5957,1,0
59,4160,7,4945,3,1
21,2884,12,2140,2,0
23,3252,22,2158,1,0
33,3652,19,4593,7,1
48,1862,21,4678,2,0
69,4212,22,6701,8,1
45,4734,34,6514,9,0
53,4165,2,6210,4,1
58,1754,33,4439,8,1
26,1029,32,2238,2,0
64,3708,16,5824,4,0
65,2239,18,6050,9,0
52,3287,29,222,5,1
65,4535,22,3331,8,0
67,2343,14,3617,7,1
41,2622,13,5236,1,1
36,3276,1,3393,1,1
41,1702,38,4923,4,0
31,2242,17,4578,4,0
57,3024,5,4681,4,0
56,2699,31,3567,3,1
55,3608,20,3722,7,0
39,5765,39,2839,4,1
40,3099,27,5760,0,1
38,2158,26,6142,9,0
67,4418,1,3458,4,1
61,1411,32,8041,0,0
69,1611,15,4370,3,0
34,2404,38,8060,0,0
35,2717,21,3715,5,0
51,2380,12,946,5,1
21,2968,1,5804,0,1
23,3274,13,5497,7,0
36,4068,37,5068,3,1
43,3091,27,3715,1,1
31,2438,6,4930,0,0
32,4014,17,3977,2,0
30,2182,35,4395,6,1
52,1367,35,6683,9,1
36,4205,3,5368,9,1
28,4141,29,6219,7,1
58,2207,23,4536,4,1
32,2600,19,4315,6,1
44,2083,30,2693,1,1
48,3326,23,4259,3,1
28,4732,6,-1642,5,0
48,3702,25,3819,4,1
56,4035,12,4836,5,0
46,3819,7,6127,1,1
28,2999,4,4462,6,1
48,4083,12,5695,7,1
48,3745,28,640,8,0
57,4439,19,4886,5,1
61,2540,13,1640,6,1
56,1261,31,2583,0,1
47,4045,26,4625,8,1
37,3349,24,7552,5,1
29,2703,3,5742,3,0
53,2759,20,5036,9,1
40,5554,17,4960,8,1
33,2357,38,3572,0,0
48,2146,14,3912,1,0
68,3085,37,5854,2,0
49,4180,23,2229,0,1
33,5278,7,6186,1,1
66,3657,27,4222,1,1
55,1729,20,6651,6,1
26,4970,15,6922,9,0
38,2980,15,1653,5,1
25,2162,34,3836,8,0
67,1920,16,3288,4,0
45,3836,8,1374,8,1
22,3238,34,2934,9,0
30,3345,28,9882,8,1
50,4286,38,6219,1,1
65,2197,17,8834,8,1
25,4366,11,6658,2,0
53,2480,18,3516,2,1
21,5164,21,4236,8,1
38,3598,14,6176,6,1
52,2079,0,5875,7,1
67,974,1,3845,6,1
69,3808,7,1980,8,1
31,2625,21,11575,7,1
41,2844,24,4717,3,1
46,3766,1,4348,1,1
45,4010,8,5226,4,1
42,4223,8,4514,1,1
47,1825,12,5245,3,0
69,4425,5,7573,1,1
33,2420,29,4750,4,0
53,743,14,2674,5,0
54,1821,14,4676,0,0
61,3218,6,4071,7,0
55,2021,10,7847,1,1
21,2911,39,7342,4,1
41,3338,37,5215,7,0
68,2818,39,2442,4,1
26,2505,1,2548,2,0
48,1749,38,5030,5,1
37,3021,9,5672,0,1
25,935,16,4250,0,1
51,2314,6,4039,7,0
25,2072,39,3814,6,1
58,2760,38,4953,9,1
23,2786,3,234,9,1
43,3959,34,2797,2,0
57,4583,35,3745,7,1
57,1882,30,7415,7,0
30,4992,24,3372,0,1
30,2220,12,5360,9,0
39,3172,17,5453,6,1
37,3510,20,7595,1,0
41,5444,0,7525,1,1
34,2457,35,4884,1,1
29,1203,7,4049,4,1
66,4490,20,3672,6,1
21,2166,20,4517,3,0
65,2638,26,4131,3,0
33,1882,18,6107,8,0
24,2641,22,5840,9,1
21,2159,34,6183,8,1
69,3676,39,7518,6,1
60,3080,4,8725,9,0
52,2318,7,5249,3,1
54,3995,10,7198,7,1
48,3254,15,4296,9,1
51,1153,38,7370,2,1
28,3919,23,7123,2,0
59,3184,20,7016,6,0
46,4390,22,5188,8,0
54,3123,37,3663,3,1
23,2208,7,2210,3,1
32,2795,6,4919,0,0
21,3803,1,8066,0,0
64,2229,29,4380,2,0
25,2559,12,6570,6,1
50,2778,22,6687,8,0
50,1850,28,4432,3,0
37,2243,37,7632,1,0
68,3172,36,-817,5,1
67,4202,19,2554,5,1
43,3317,32,3168,8,1
35,2954,28,3360,3,0
57,2168,14,5672,7,1
41,4095,22,5580,2,0
34,3433,2,5787,1,1
22,2293,36,6192,8,0
31,3898,28,3099,5,0
59,3559,7,2563,7,1
58,2186,21,5792,9,0
54,2898,28,3739,8,0
58,2507,1,1859,0,1
54,5633,0,6942,0,1
38,3531,19,7790,4,1
50,3186,20,8114,8,1
35,3472,36,5374,6,1
47,4379,7,6251,6,1
54,2916,26,7739,1,1
58,2410,34,3717,2,1
53,3844,5,7221,3,0
44,2825,18,5550,1,0
35,1930,17,6827,9,1
50,1735,0,5372,8,1
62,4529,24,7592,4,1
37,3131,26,5447,6,0
25,2410,6,2032,8,0
49,2765,28,7903,4,0
24,3807,30,3104,5,0
30,2706,35,7506,3,1
37,1550,18,4819,7,1
30,3325,5,7352,0,1
37,4208,24,7269,0,1
40,4141,30,5860,4,1
44,2440,8,6017,9,1
25,4269,19,5845,8,1
54,3212,9,972,1,1
26,4241,36,5236,2,1
22,3573,26,2767,7,1
33,1478,12,5342,4,1
63,4746,1,2714,2,1
63,3051,20,2630,5,1
68,3576,32,8209,5,1
31,1655,23,7138,4,1
67,3505,33,4991,4,0
43,4102,8,5369,5,0
36,4935,1,4504,1,1
51,4400,29,6139,5,0
31,3554,21,3647,1,1
36,1455,10,6987,2,0
28,3132,16,4493,1,0
24,2407,35,4160,0,1
60,3234,12,5043,0,1
24,1783,6,3817,8,1
45,2789,15,5657,3,0
23,2482,32,3925,4,1
52,2451,0,5937,9,1
23,2461,10,7432,6,0
47,2864,5,3561,1,0
49,3286,19,4738,9,1
52,501,34,5922,8,0
39,623,36,4128,3,1
41,2661,25,5928,9,0
25,2802,11,6110,9,1
38,3189,29,7166,0,0
48,2272,27,3788,7,1
62,3009,26,3114,3,1
42,3126,18,4384,6,0
41,2265,4,3064,2,1
26,4013,4,6128,8,1
21,3176,26,2676,4,1
25,3546,27,9666,4,1
61,3068,25,7591,2,0
32,5103,26,5025,8,1
46,3596,20,6734,2,1
66,2512,0,1726,1,1
54,3820,27,10046,8,1
69,1362,14,3819,8,0
34,3119,16,4759,9,0
46,3319,25,1288,3,1
65,3131,19,5972,3,1
47,2666,24,2787,9,0
29,1987,12,5203,5,0
46,2210,32,3911,8,1
67,3102,24,2844,7,0
42,1886,7,3391,9,0
67,4770,4,5451,2,0
50,359,5,2437,5,1
63,2676,22,3502,6,1
68,3110,29,6326,5,1
37,3507,13,10204,2,1
46,2084,22,5955,8,0
56,4134,10,3165,3,0
21,1606,30,4265,1,1
28,2433,5,5063,8,0
69,3620,10,4301,2,1
55,4040,12,6806,5,1
35,1595,11,5434,4,0
67,5645,1,6815,1,1
42,2102,34,4371,0,1
34,1687,35,7651,8,1
46,3502,16,4667,2,0
48,2651,27,3057,6,0
43,2503,27,9354,8,1
34,3595,21,1350,8,1
44,1472,37,3522,9,0
22,1297,6,3745,5,1
65,2402,14,10016,7,1
46,4077,31,8613,8,1
34,2445,10,7987,2,0
27,4599,23,4338,5,0
23,4201,2,9852,4,0
67,3282,29,5736,6,0
43,3339,5,6954,6,1
66,3282,1,5359,8,0
63,3159,13,4901,0,1
67,2633,17,4496,5,0
65,2749,30,4580,4,1
38,1930,12,6216,3,0
58,789,25,5734,9,0
55,4104,11,4937,0,0
35,3157,17,8019,3,1
45,3006,8,-933,9,0
57,3398,20,6019,6,0
48,2171,39,6435,3,0
30,1998,23,7293,0,1
59,2716,33,4870,9,1
37,4368,7,5415,0,1
59,1831,32,6971,0,1
42,372,22,7982,9,0
46,2478,12,4398,4,1
64,4142,13,5533,6,0
45,1267,13,8357,8,1
37,1819,15,751,7,1
33,3263,37,3619,1,1
40,5569,38,7931,8,0
45,1641,25,7185,3,0
24,1603,25,6044,9,1
30,3338,0,4102,4,1
23,4204,31,3236,4,0
61,2375,14,3817,3,0
65,1378,20,8096,5,1
38,3433,17,3743,0,1
67,3614,29,5202,1,1
56,4778,12,3492,3,0
67,3656,23,6685,3,1
42,3828,29,3922,7,0
54,2737,1,4804,8,1
67,5441,18,1633,3,0
28,2601,24,1773,5,0
60,2388,13,5015,3,0
69,4809,5,2349,3,1
64,1525,11,9210,8,1
39,1152,19,876,3,1
62,3119,22,3399,5,1
61,2998,29,5033,8,1
57,2772,29,4269,2,1
26,3993,37,2791,6,1
46,2091,29,3084,6,1
54,3064,29,3018,0,0
65,2639,35,4426,1,1
26,2108,33,8903,4,0
57,2938,15,5155,7,1
53,3852,23,7365,5,0
42,5120,13,6013,6,1
41,3579,25,7227,2,1
26,489,7,-599,5,0
26,2961,13,4391,8,1
68,3049,30,7614,2,1
24,3936,1,3856,5,0
50,3184,3,8524,6,0
31,4253,0,7967,4,0
50,3391,19,4061,9,1
51,4558,13,3993,7,1
44,2561,39,2972,7,1
29,3144,24,3740,5,0
23,3826,24,2534,6,0
51,2427,2,5857,2,0
60,2209,4,2087,6,0
57,2370,37,6207,6,1
56,2250,25,6256,3,1
44,3522,39,1677,9,0
51,1165,37,8099,3,1
26,1444,37,6027,2,0
22,4862,3,6499,9,1
40,2274,6,3482,6,0
48,3200,29,6244,4,1
31,1510,29,7252,2,0
24,3094,18,4802,5,1
35,2280,38,9003,5,0
26,1436,34,5088,5,0
69,4336,39,7281,1,1
50,4182,32,5586,9,0
58,2892,32,6171,6,1
22,3999,13,1657,6,1
35,4903,37,5742,9,1
31,3754,9,3530,3,1
28,3479,27,3307,5,0
46,3198,13,8488,3,1
65,3649,35,4572,3,1
64,2636,37,2993,5,1
25,2723,15,4281,8,0
26,3450,20,2399,6,1
46,2526,27,7867,1,0
24,2634,32,3608,5,0
39,3000,5,6058,4,0
40,4150,14,7712,5,0
53,1867,2,3999,7,0
40,3759,34,6064,7,0
69,3791,13,2939,2,1
32,3785,1,9891,8,0
67,2193,28,6872,5,1
21,1307,3,4614,6,0
46,3559,25,3454,8,0
34,3187,11,4772,6,1
58,4004,1,4320,9,1
57,2299,16,8905,8,1
31,3760,34,2548,0,1
56,4054,9,5269,0,0
33,2904,21,4963,2,1
63,3416,20,4765,8,1
23,3381,14,4782,0,0
53,2178,34,4767,0,1
26,3531,20,6746,4,1
30,4622,20,6217,7,0
25,3022,20,5837,1,1
43,1539,31,-1067,3,1
30,2312,4,5599,5,1
64,1220,38,1688,0,0
22,4290,8,6292,3,1
33,3764,17,7948,3,0
60,2498,20,3147,8,0
22,1581,7,4476,8,0
40,2166,33,3801,5,1
21,2361,9,7470,7,1
57,3109,23,5190,9,1
29,3075,39,8456,3,1
37,4341,23,5827,9,0
29,2307,31,5484,7,0
31,1491,32,5136,2,1
35,1843,37,6635,1,1
44,2976,33,1524,5,1
58,2271,10,5170,4,0
55,2707,30,4859,7,0
50,2545,17,6450,0,0
51,3990,22,4624,9,0
69,2413,21,2922,2,0
25,2622,17,5014,6,1
64,3717,39,2834,9,1
34,2435,38,1149,3,1
31,3423,19,6454,9,0
29,3331,12,6158,4,0
54,3141,0,5934,7,1
32,1865,3,7605,0,1
55,4229,23,3669,0,1
55,5220,35,2137,6,1
21,3008,35,4859,8,1
60,1953,1,4304,3,0
42,3029,27,3315,7,0
49,3989,25,4840,9,1
28,2384,22,3776,6,1
31,2871,14,1327,1,0
61,3340,35,4117,4,1
57,4203,26,2727,8,1
34,3775,5,5463,8,1
50,3816,34,3687,2,0
55,2573,38,7223,2,0
41,3401,37,8207,1,1
57,2278,34,6358,6,1
25,3845,35,1897,5,1
39,4151,9,8010,4,1
34,3553,29,8151,6,1
46,2632,37,5037,3,1
24,2796,28,7645,4,0
45,4806,38,3896,8,1
65,2649,3,1267,8,1
62,4049,4,3479,3,1
45,3338,3,8458,5,1
38,2665,35,2017,1,1
60,1655,15,4999,2,1
28,3211,24,5068,8,0
59,3091,13,3974,5,0
60,4806,10,4112,7,0
34,2139,28,5144,4,0
52,5294,33,3875,1,1
58,3378,21,2155,6,0
53,3377,13,5430,5,1
43,2406,23,7146,1,1
35,3314,38,6739,5,1
53,3473,25,3380,7,1
45,3937,35,2497,0,0
37,2021,38,4431,3,1
53,4406,15,8135,0,0
67,3361,37,6291,1,1
22,3608,31,6407,0,0
34,2779,5,6779,5,1
60,2071,33,5841,5,0
60,3072,7,5241,0,0
59,3187,29,6324,3,1
26,1614,26,3907,3,1
26,3793,6,2171,7,0
23,3996,26,6445,5,1
27,2270,24,7475,1,0
28,1977,14,2763,4,0
62,2697,24,6643,3,1
35,3023,21,8361,9,1
67,2735,17,4995,3,1
49,2939,11,3363,7,0
53,3221,22,5246,4,0
50,1631,38,3898,2,1
59,1746,24,3766,9,0
47,277,9,5866,3,1
56,3942,29,1792,0,0
49,3015,9,2112,5,1
58,4047,33,5038,9,0
53,1862,12,4955,3,0
57,3024,28,5687,5,1
47,3214,37,8750,1,1
53,2438,8,5209,4,1
24,1446,12,6196,8,1
42,4745,36,3048,7,1
22,4399,13,6535,2,1
30,2618,36,3947,0,1
25,3510,8,5142,9,1
30,2515,7,4782,2,1
53,2004,38,7065,7,1
58,4827,39,2380,2,1
33,1344,2,433,4,1
51,2714,39,4573,1,1
67,3084,32,5937,0,0
56,4651,31,5304,9,0
65,3896,6,7464,4,1
44,1327,18,5874,4,0
35,2997,33,3872,5,1
49,3021,13,349,1,1
28,2771,18,4525,8,1
25,3619,25,7055,1,1
49,1590,16,4215,1,0
67,2591,27,5056,4,1
24,3478,18,5842,8,1
32,3679,26,2969,3,0
65,3149,18,6246,5,1
22,2711,32,8274,1,1
47,2880,6,4654,3,0
51,3740,28,2741,8,1
56,3033,4,4866,1,1
56,1958,29,551,0,0
46,1766,7,5673,3,1
63,1510,11,5904,3,1
47,4455,12,8351,0,0
25,3807,25,4612,3,1
40,2893,17,5816,2,0
31,2546,19,3277,1,1
30,2426,15,4287,9,0
60,4093,36,1949,3,0
58,4904,2,4610,7,1
26,2394,26,4389,6,0
28,4138,14,5598,8,0
43,3028,33,3752,7,1
67,2787,21,5166,0,1
46,4504,39,4333,1,1
66,2989,22,4337,1,1
63,3296,3,5160,7,1
32,3248,22,5081,3,1
46,1374,8,6522,8,1
33,3288,23,4758,1,0
60,2437,20,4300,3,0
38,1578,15,4638,0,1
45,2482,24,3570,2,1
53,2474,25,4280,5,1
67,4029,8,9062,8,1
60,1936,14,3174,0,0
63,2210,38,4442,4,0
32,3235,32,4225,1,1
64,1674,0,4505,6,1
56,2340,4,4337,3,0
68,1335,8,5558,4,1
24,3920,5,1579,7,0
25,2698,27,7074,1,1
57,2984,25,6265,2,1
28,3916,27,2514,4,1
62,2277,39,461,9,0
69,2688,14,3045,3,0
48,1943,5,4514,4,0
51,1941,26,10160,2,1
29,2079,37,6086,8,0
49,2507,3,1384,7,0
34,2615,10,3620,5,1
60,3288,20,4893,0,1
61,2108,29,5507,3,1
42,3319,17,2370,6,1
31,3485,34,4730,9,1
43,2532,2,3564,4,1
21,2195,11,2792,3,1
66,3085,26,5519,8,0
57,2797,29,6547,7,1
41,3220,20,6682,2,1
46,4569,37,6148,5,1
66,3068,20,4005,3,1
56,2360,37,6429,6,1
43,2109,39,5618,0,0
21,2147,14,5267,0,1
60,1537,17,3776,5,1
35,3932,28,4006,9,1
41,766,37,5147,6,0
67,3488,20,9879,8,1
29,2131,16,5602,6,0
29,2487,17,3777,8,0
30,2102,36,3335,9,0
46,4445,37,4016,8,0
61,3016,11,9354,7,1
55,3790,10,4201,6,1
45,4300,19,6813,2,1
46,3163,8,4248,2,1
31,1804,0,5522,4,1
58,2779,2,6583,6,1
22,2257,20,3856,9,1
27,2496,22,3717,6,1
38,2905,8,8317,0,1
47,2865,18,6969,7,1
54,3412,18,6581,0,1
47,3557,22,6574,3,0
37,2865,26,5919,1,1
63,3403,26,9035,4,1
64,2450,38,5087,5,1
44,4314,35,6154,3,0
45,2434,11,2098,3,1
27,4197,26,3350,6,1
26,1523,33,2598,3,1
44,2619,32,7548,1,0
53,2669,27,-105,3,0
69,3278,30,4195,6,1
49,3861,31,-987,0,1
63,1750,19,3337,3,0
42,1892,39,4018,5,0
46,1598,34,7769,7,1
48,4320,30,5793,7,1
41,3297,30,3333,8,1
69,1915,37,7131,4,1
27,2556,21,5035,1,1
37,4181,8,5075,2,0
40,2721,8,2594,1,1
61,2662,14,3019,8,0
69,2218,12,3349,5,1
40,1975,21,5092,0,0
42,4183,15,5155,2,1
48,4673,31,8088,6,1
60,2014,1,5770,6,0
69,4404,25,-415,4,0
27,2512,13,5525,2,0
21,3533,37,2099,6,1
52,4410,33,3068,4,0
33,2854,7,3375,5,0
50,2672,35,3673,2,1
43,3801,20,2249,5,1
39,1890,27,5406,6,0
52,4147,5,2178,7,1
50,3142,19,5713,1,1
49,2422,30,9473,1,1
69,2395,32,2341,5,0
65,1616,6,4430,7,1
49,2463,7,-46,4,1
50,2735,8,4398,0,1
36,1938,1,6285,0,1
60,2954,16,6441,9,1
39,3472,36,5154,8,1
38,2786,16,6778,3,1
21,3662,37,10092,9,1
34,2192,34,8424,0,0
67,4003,38,3954,7,0
22,3121,29,2097,1,1
48,4545,5,4187,1,1
69,5414,3,3106,0,1
50,2529,36,5902,0,1
58,2570,34,2637,8,1
24,2753,8,4854,0,0
21,3595,5,6676,5,0
28,4325,12,4798,6,1
49,2347,21,3107,3,1
59,3381,27,7349,4,0
23,2864,29,1242,3,1
52,3618,35,4344,3,0
30,4509,1,4916,9,0
30,2759,35,5031,0,0
39,1330,7,5360,5,1
66,3743,8,6220,9,0
54,2167,0,4929,9,0
53,2856,12,4263,6,1
43,3787,14,4184,6,1
48,3297,31,3776,7,0
52,2898,33,6575,6,1
27,2424,30,3706,5,0
49,100,13,6693,7,1
28,3698,13,5037,2,1
21,2747,28,3957,8,1
23,4513,18,6236,2,0
44,3398,26,3545,3,1
43,2458,8,6276,9,1
28,4066,36,5425,5,0
67,4151,36,3807,7,0
57,2780,27,6057,2,1
23,4193,23,6093,9,1
53,2444,27,7315,5,0
48,3159,35,6932,4,1
67,3571,17,5982,4,0
28,3784,24,2744,4,0
54,3621,34,9897,8,1
55,2667,3,2192,6,0
52,4093,13,6898,8,1
44,2875,38,5862,8,0
34,2430,25,2651,5,1
52,2445,7,4751,5,1
66,4939,23,4842,3,1
63,2258,15,7611,7,0
36,4291,19,3573,1,1
24,1864,14,4476,4,0
57,3487,6,327,0,1
41,3297,16,8469,9,1
34,4621,21,2859,1,0
51,2345,21,5653,0,1
68,2069,11,4797,5,0
38,2883,17,4803,1,0
27,4664,14,6619,3,0
30,2115,36,8342,4,1
27,411,15,5502,6,1
53,3059,4,6310,9,0
43,3949,1,5657,0,1
41,1986,27,7035,4,0
39,3847,26,4074,3,0
68,1964,30,7150,6,1
39,2853,35,7220,9,1
56,3752,0,7165,6,0
49,1812,28,3679,7,0
38,3181,0,4663,3,1
22,4214,7,5478,3,0
21,3473,15,2258,9,0
67,2279,27,8189,4,1
25,4518,21,4975,4,1
40,3658,17,5567,2,1
31,1139,21,3845,4,1
62,3864,11,2346,4,0
22,2428,18,3791,7,1
23,3196,24,5438,6,0
43,4008,4,6346,7,1
32,2450,33,5323,4,1
40,1354,38,5693,1,1
25,4505,9,4325,7,1
57,4164,6,5992,8,1
58,2912,36,7965,1,0
50,3853,14,6409,0,1
29,2630,23,6619,5,1
54,3096,25,5588,2,1
64,2855,25,1993,0,0
55,2671,25,2910,5,0
42,3359,9,5909,7,0
64,1791,16,4978,8,0
44,2748,13,5879,5,1
37,3314,1,8352,5,0
30,4838,12,6452,0,0
50,1832,26,7517,4,1
66,3520,8,5189,2,1
43,3630,6,3385,6,1
52,1123,9,4884,8,1
37,3410,8,3390,5,0
37,3880,21,8116,4,0
34,3588,22,6580,6,0
29,2916,6,6041,8,1
60,3333,8,7471,4,0
22,3169,26,959,4,1
65,1310,23,6176,9,0
45,3193,28,2378,3,1
59,2632,16,4985,4,1
29,2295,19,4376,6,1
42,5484,6,6323,2,1
63,4252,39,5456,3,1
66,1849,6,7690,8,1
24,3346,27,3796,1,1
46,4458,18,6418,7,1
49,1503,19,5324,8,1
65,3076,38,1729,4,0
54,3124,39,3162,6,1
43,1725,6,4700,5,0
57,3379,5,7224,0,0
31,4116,24,5927,7,1
26,4508,12,2664,8,0
38,2750,38,4719,9,0
41,5501,39,9035,0,0
62,942,21,5222,7,1
56,3356,16,4345,2,1
61,1587,21,5983,5,1
58,3090,33,6526,9,1
54,2478,7,4087,7,1
37,3506,17,6005,4,0
57,2873,23,4342,7,0
45,2174,1,6438,6,1
58,2239,1,5339,6,0
32,4932,26,5963,6,0
43,3443,13,3481,8,1
62,1297,38,3357,5,1
42,3550,11,6890,5,0
41,2805,31,4841,8,1
47,3004,27,5570,5,1
51,3819,27,4387,6,1
26,4183,24,6797,6,1
47,2141,3,3784,1,0
60,2970,25,4728,7,1
54,2453,35,6571,5,1
32,3596,2,7345,3,1
65,2767,0,3952,6,1
27,3029,16,8919,7,1
30,2729,6,5626,0,1
65,2893,4,2914,9,0
37,4704,18,5738,3,1
46,5390,38,4234,3,1
41,3377,33,5868,9,1
48,2900,34,4914,8,1
66,1404,15,5148,5,0
22,2239,39,3176,3,0
63,2873,38,6980,0,1
21,2284,26,2687,7,0
56,2390,37,2782,8,0
46,4575,24,5734,4,1
49,3028,25,8205,4,1
41,3118,13,4294,9,1
31,2325,13,6401,7,1
60,4177,13,7146,7,1
31,2787,24,6629,4,1
56,2479,35,4377,3,0
69,1419,3,2817,5,0
59,2938,14,584,9,1
60,2447,31,4474,4,1
55,4684,17,7356,7,0
54,4843,13,2751,8,0
67,1764,0,6400,0,1
44,1877,19,3099,8,1
42,2723,9,5212,8,1
25,2183,9,6415,5,1
53,3217,23,3681,9,1
56,2673,33,5340,4,1
67,3280,27,4169,6,0
40,4016,26,6410,7,1
39,1935,39,5470,8,1
55,3995,0,5113,8,0
63,2271,32,8116,9,0
37,5148,3,6324,2,1
65,4620,6,3619,7,1
63,2886,8,4828,0,1
54,2036,15,4848,6,0
29,1845,4,5160,4,1
46,3873,33,10049,1,1
22,2969,22,5741,1,0
29,3926,24,928,7,1
29,5204,12,3914,4,0
60,2229,23,1135,2,1
37,1769,10,4340,0,1
21,3192,16,1025,6,1
45,4144,36,3256,2,1
63,2059,12,1958,6,1
60,3034,26,5768,1,1
62,4370,19,5001,3,1
45,1367,32,5605,1,0
59,3235,31,4790,3,1
55,2459,7,2211,4,0
23,3124,28,6027,7,0
57,3709,39,8844,1,0
64,3220,18,5818,9,0
64,1989,5,4148,2,1
50,2498,38,2143,9,1
58,4426,20,3183,4,0
54,3328,21,5906,8,1
32,3840,9,7146,9,1
39,3250,9,5521,4,1
57,3809,28,6599,8,0
64,2603,15,6415,3,0
69,2232,0,6013,9,0
37,3763,16,3683,4,0
30,4127,29,5347,8,1
69,2085,25,3303,3,1
67,2424,18,5034,4,0
32,2836,20,5661,4,0
36,4619,16,8357,3,0
44,3563,39,2380,3,1
39,1675,20,5963,4,0
28,2907,39,7962,5,1
51,2754,18,6517,6,1
41,1826,6,6665,5,0
37,2895,16,6175,0,1
43,2709,0,7596,1,1
57,2638,36,2825,6,1
36,2592,5,2228,2,1
26,4471,25,4987,9,1
28,2636,1,677,1,0
45,3049,31,7461,5,0
38,2941,4,7441,3,1
45,2494,36,4133,4,1
32,3079,30,4258,5,0
35,3065,11,4855,2,1
46,3079,34,5104,0,1
61,2140,29,5254,2,0
65,2793,5,6116,2,1
46,3760,14,4654,5,1
67,2820,14,6886,3,1
52,3161,15,5891,6,1
30,3167,19,3786,1,0
36,3417,12,7670,3,1
27,3558,30,2283,7,1
37,2825,33,4815,5,1
43,2088,28,6933,9,0
46,1781,2,3553,2,1
41,4017,8,5619,9,1
42,3770,10,6086,1,0
27,3649,10,3278,2,1
34,3811,24,4855,0,1
35,2838,21,4686,0,0
27,2375,8,3896,1,1
29,2019,19,9603,2,0
68,1910,20,3473,8,0
28,4212,9,7009,7,0
43,2506,21,4214,8,0
49,4054,28,2826,6,0
38,2813,8,5205,6,1
51,2323,4,6298,4,0
50,1905,39,6841,6,1
59,2411,10,8124,3,1
55,4418,0,10890,4,1
38,1915,0,5501,0,1
62,5116,38,3673,3,1
59,2159,4,5905,2,1
37,3749,21,4467,1,0
34,2854,25,6851,1,1
51,2679,5,2405,7,1
44,1728,31,9736,0,0
55,2901,10,6712,7,1
64,1841,9,1631,8,1
65,1318,38,3581,5,0
54,3119,33,6632,0,1
23,2364,30,7352,9,1
57,4684,11,2455,6,1
63,4000,15,6426,4,1
60,4697,37,1105,8,1
46,2319,2,4821,6,0
43,3136,1,7224,4,1
64,379,4,3896,1,0
59,2718,10,1986,3,1
35,3098,24,5292,1,0
69,3154,34,3790,8,0
24,2957,34,6259,1,1
49,3066,21,3229,1,1
42,286,36,3454,1,0
45,3256,21,957,0,1
33,3483,10,5339,8,1
38,4338,31,4678,7,0
53,3368,34,2623,1,0
36,2869,30,5387,1,1
65,4104,7,7054,4,1
62,642,19,4568,3,0
64,2485,33,5536,1,1
22,2234,3,5546,7,1
55,2965,17,2591,7,0
62,801,3,9113,3,0
54,4319,19,4058,3,0
50,2750,8,6312,8,1
33,3318,15,6538,3,0
33,3223,25,4720,9,0
38,4262,37,6213,8,1
52,1138,24,5491,2,0
52,3112,3,2164,1,1
55,4146,37,4335,7,0
59,2902,18,3774,2,1
66,2048,13,4076,1,0
49,2396,20,2391,7,0
69,2607,14,7252,7,1
49,2278,2,8203,4,1
64,2847,36,6956,8,1
36,4508,15,7541,5,1
64,2402,13,4310,4,1
67,2512,8,3727,2,1
30,3459,6,3442,6,1
50,2825,13,6288,8,1
45,1670,5,5454,3,1
59,2938,20,4845,6,1
40,2901,14,7590,2,0
25,3975,7,5809,1,0
21,2027,33,3322,0,0
50,3982,39,3638,5,1
69,2902,0,6363,4,1
23,1892,31,7083,1,1
65,1691,4,6103,2,0
34,4934,29,8793,8,0
50,2840,21,8270,2,1
24,3936,19,5882,6,1
38,1291,15,3322,0,0
57,5637,6,2380,6,1
45,3893,6,4225,8,1
68,2744,1,6506,7,0
21,2693,13,8653,6,1
66,3734,30,5834,9,1
35,3677,13,7337,7,1
29,3182,4,4509,3,0
35,3010,10,6245,1,0
69,3561,39,6646,8,0
44,1258,4,1040,2,0
24,2628,28,4173,3,1
32,1353,10,6899,6,0
57,3604,4,5548,1,1
57,2324,31,2606,7,0
63,1428,35,139,9,1
26,2206,14,4268,7,1
59,3149,18,4856,4,1
66,2794,21,3232,8,0
44,1826,33,5286,7,0
31,1295,16,6012,0,0
33,3073,11,6341,8,0
54,2419,24,288,4,0
45,2741,16,2371,8,0
27,2840,9,4390,8,1
24,3430,27,6144,9,1
28,3846,17,5978,9,0
40,3146,17,5943,2,1
49,2679,31,4233,7,0
65,3024,13,4344,6,1
66,2660,15,3543,6,1
30,1357,17,6536,9,1
63,4091,15,3159,1,0
54,3903,16,6700,1,0
46,4988,6,5415,1,0
61,5280,11,4909,1,1
69,1823,33,3686,3,1
23,2664,9,2288,6,1
26,5511,4,3704,1,1
25,2959,20,4339,4,1
25,3244,2,261,6,1
67,1478,18,4605,8,1
43,3150,34,6848,7,0
69,4931,5,6134,8,1
29,4286,13,4007,6,0
55,2390,3,5093,2,0
40,2603,17,3887,0,0
69,1869,28,5297,9,1
62,2148,34,8080,6,1
55,1089,37,6936,5,0
38,2915,15,6041,1,1
37,4510,19,4014,0,1
44,3355,23,6499,9,1
23,4366,34,1626,3,1
52,4073,18,4495,3,1
55,2453,3,6167,5,1
58,2240,32,6480,4,0
33,2278,1,6339,8,0
67,1282,12,5589,7,1
45,3032,29,4608,8,0
29,95,33,6075,9,0
24,3591,29,3094,6,1
34,3071,23,3310,8,0
57,3471,32,5123,2,0
54,4057,9,5346,8,1
31,3198,17,1348,1,1
61,4631,18,5910,8,1
23,3621,6,6545,5,1
48,2242,18,4845,3,1
49,2762,23,9748,1,0
29,738,14,3634,9,0
23,2097,22,4277,2,0
45,2619,3,4209,4,1
54,3546,37,4847,8,1
32,2249,3,4342,6,1
62,1753,4,2186,2,1
29,1112,22,3906,3,0
35,2403,39,4804,1,1
60,4950,36,7457,7,1
45,3271,10,9404,5,1
25,3939,10,7670,2,1
31,2099,12,3449,4,1
54,1426,13,3608,4,1
44,1778,7,4681,0,1
35,2902,24,8569,4,0
58,1005,17,4669,5,0
28,1993,17,2344,9,0
25,2413,9,3997,9,0
68,1679,6,6514,1,1
46,876,13,6379,2,1
38,3289,14,4599,9,1
26,3045,15,6366,4,1
57,3779,1,453,2,1
68,1889,29,5207,4,0
33,3759,29,6721,4,1
48,4529,17,3334,7,1
25,3262,30,3327,9,1
33,2390,12,1267,8,1
37,3145,19,8179,7,0
60,2342,34,3559,2,1
65,2175,22,5482,0,1
52,3683,32,6207,2,1
49,2860,37,8024,0,1
23,4205,34,4692,8,1
60,2557,35,3921,2,0
54,2658,19,5346,7,0
60,2433,2,7568,5,0
47,1879,7,4659,2,0
33,3814,39,3090,8,1
65,5185,31,1918,7,0
53,2617,28,2557,2,1
26,2319,6,6728,6,1
44,2254,1,4358,4,0
39,2320,20,3784,1,1
36,4649,5,3568,7,1
60,2281,27,5170,0,1
48,2414,35,4521,3,1
53,1759,31,4453,3,0
68,3293,8,7698,9,1
61,2932,10,8076,4,1
33,1862,22,1779,3,1
63,2107,10,5655,0,1
65,4532,1,3446,6,0
45,3032,2,4503,9,0
62,3101,10,5618,1,1
56,3105,34,4574,9,1
47,4394,14,5460,2,1
58,1954,10,6345,4,0
27,2603,30,5589,7,0
25,2831,27,3706,9,0
63,1278,27,3741,7,0
65,2083,31,2120,1,1
51,4046,24,3292,8,1
43,3760,19,8924,5,0
62,3937,27,3415,8,0
30,2410,24,2613,3,0
52,2534,10,5639,2,1
63,1211,18,4779,4,1
50,3931,27,4608,4,1
59,4096,0,7818,3,1
51,4083,4,6098,6,0
38,4604,9,3940,7,0
56,3422,33,4151,4,1
22,4556,35,3994,8,1
34,2799,1,6749,6,1
33,1232,17,4383,6,1
49,3860,12,1413,7,1
32,1196,4,4903,3,0
59,3170,19,1925,9,1
22,3955,1,9368,5,1
52,3324,10,3068,4,0
33,5278,29,4676,0,1
66,1034,31,5516,8,1
47,2917,31,4422,1,0
69,3017,37,4419,5,1
61,1655,27,5843,7,0
37,1846,9,8052,2,0
60,2154,21,6535,4,0
51,1900,16,7957,6,0
54,2892,21,2906,3,0
44,2397,18,5634,4,0
65,3317,16,5310,0,1
55,3649,23,5702,3,0
68,3581,35,7752,6,1
26,2589,31,4558,9,0
39,3284,35,4188,6,1
50,4035,27,6067,9,0
27,3445,13,1443,9,0
30,4858,35,4526,3,0
61,3982,5,4731,5,1
52,4718,8,3159,4,1
54,507,20,7114,0,0
48,3096,11,2875,7,0
35,2676,29,4728,6,0
50,2875,30,5586,4,0
57,2195,39,7706,9,1
49,3396,3,4978,9,1
42,1191,30,6872,6,1
24,3403,26,6401,9,0
40,2228,24,5246,2,1
52,2499,4,2820,7,0
56,3438,5,2130,4,0
24,3078,4,5213,1,1
47,4053,26,3914,1,0
37,2030,7,6838,3,1
32,2919,8,6491,6,1
42,3888,14,4630,9,0
37,3361,35,2684,3,1
30,3425,6,6021,8,0
21,4108,31,2964,1,0
42,2593,7,3483,5,1
46,2383,14,3041,3,1
38,3575,36,4722,5,0
34,2850,18,7340,9,1
67,4122,38,4989,8,1
49,3369,5,4113,9,0
32,2376,18,1948,8,1
56,3338,27,6104,8,1
55,2097,16,3439,8,1
32,3946,18,5235,2,0
27,1602,30,4291,8,1
49,4222,10,6676,2,0
31,3320,14,4685,9,1
53,2835,9,4882,2,1
26,3763,22,5971,4,0
67,3511,2,9213,5,0
35,4330,2,6776,8,1
52,4321,17,4822,0,1
31,3352,24,5006,7,0
43,2128,19,3950,3,1
46,2458,28,3100,9,1
54,2928,21,3894,6,0
66,4081,14,3455,5,0
54,2543,38,6306,5,1
49,2627,9,2857,6,0
24,4848,20,7666,3,0
37,2895,28,6504,5,0
55,2365,31,5041,2,1
33,3776,9,5000,4,0
61,2943,12,3885,1,1
59,1610,22,5540,2,1
35,4040,22,7176,8,0
49,2252,30,3593,5,1
49,3043,3,1933,2,1
31,2931,2,6406,1,1
52,3230,20,5648,4,0
22,808,1,2759,9,1
67,2664,3,3533,4,0
34,4124,0,3281,0,0
40,4265,14,3550,2,1
42,2008,32,4352,6,0
31,3920,5,4466,8,1
47,2238,6,3698,4,0
23,2625,18,3483,3,0
37,2678,0,4542,2,1
64,3108,38,5335,9,0
48,4001,18,4367,8,1
49,3264,25,7317,6,1
41,2873,11,6016,6,0
67,3967,21,1818,7,1
36,2197,12,6047,9,0
57,2922,27,6211,0,0
40,3995,13,4130,3,1
26,3529,21,2009,4,0
39,2533,29,5016,4,0
25,1487,19,4984,0,1
23,3310,26,2756,2,1
21,1421,37,2097,1,1
58,2787,33,4824,6,1
35,4178,38,4533,4,1
54,3596,36,4165,2,1
55,976,0,4833,7,1
69,3200,14,2794,0,1
45,2680,31,4130,0,0
44,1726,7,6066,5,1
32,3335,32,4300,0,1
38,2508,17,1656,3,1
35,2514,28,4054,5,1
64,3124,31,2859,0,0
36,2374,32,5534,8,0
47,3095,4,5637,3,1
28,2406,17,1682,8,0
66,2461,9,6518,8,1
45,3992,35,2775,5,0
37,4094,32,8118,6,1
49,1291,22,4902,0,1
28,3747,39,2507,4,0
35,4398,4,2716,2,1
47,4557,33,5696,9,1
66,3520,23,4217,9,0
27,1942,16,4806,5,1
23,3629,30,8225,3,1
49,2130,6,3601,8,0
64,2657,16,5119,6,1
44,3383,27,7839,3,0
23,2195,37,5541,5,0
40,1853,21,1786,1,1
66,3465,14,6010,2,1
35,4867,36,2673,6,1
45,4243,14,7813,3,0
50,3707,24,3354,9,0
34,3979,20,10939,6,0
27,3637,37,7934,8,1
37,3449,1,3406,4,1
64,3898,26,5040,0,1
40,1631,31,6507,4,0
56,3199,20,6567,5,1
29,2919,3,5884,1,1
58,3078,18,7504,7,1
68,2538,1,4754,1,0
42,3520,25,4266,8,1
22,2182,33,4306,1,1
44,2466,13,6716,2,1
28,2346,14,5730,7,0
31,3863,19,5582,5,1
33,2988,33,6590,0,0
37,2539,35,897,3,0
28,2626,18,5620,4,1
41,3003,8,5437,2,1
38,4622,6,8337,0,1
50,1763,29,1942,2,0
38,3675,12,8114,8,1
66,3471,26,5150,1,1
67,2117,34,5977,0,0
51,4466,12,8351,6,1
58,3539,14,6121,6,1
52,2492,8,5800,4,1
31,1140,22,5484,1,0
65,3229,35,4033,0,1
45,2955,39,4943,4,0
53,1969,2,3568,9,0
58,1956,33,4910,3,0
61,3868,18,328,8,0
28,1044,27,5858,4,1
31,3314,22,4756,9,1
42,2812,39,4327,1,1
44,3497,6,5439,3,0
61,2705,11,2132,8,1
37,3293,13,8858,7,1
32,2257,14,4794,2,1
66,2950,2,4708,7,1
52,3489,14,3069,1,0
35,3150,23,5047,2,1
36,3380,7,7773,4,0
42,2072,4,7071,9,1
48,2409,3,6708,9,1
40,2426,13,6092,7,1
53,2723,15,4282,0,1
30,4358,19,2099,3,1
60,2645,23,4597,0,0
52,1856,5,4528,0,1
53,3541,30,7097,4,1
22,4346,5,5618,5,0
53,1738,34,8224,0,0
53,4972,14,7394,5,0
61,3415,28,4087,4,1
33,4033,2,1409,3,1
50,4467,10,7771,9,0
53,3972,2,7718,4,1
33,2889,27,2267,7,1
46,4217,9,8018,8,0
42,3254,32,5764,1,1
59,4090,15,5321,5,0
22,4199,9,8229,2,1
58,1909,32,7689,1,0
59,3794,35,6302,0,0
46,2818,2,5946,3,0
66,3138,4,6232,7,0
35,3127,11,4199,2,1
54,3086,12,4889,4,0
62,4523,23,3195,9,1
64,1633,31,4333,4,0
69,1277,15,4266,4,1
60,1066,31,3729,8,1
31,4069,36,5273,7,1
23,2226,35,4352,7,0
26,3132,20,6004,0,1
29,2885,11,1755,0,0
26,2113,20,4773,1,0
29,3851,20,5263,7,1
59,2872,5,4378,9,1
51,2762,8,4655,0,1
52,3232,0,1829,3,1
61,3720,11,5712,8,1
32,2041,13,6295,1,1
28,3872,5,5987,2,1
28,4449,0,7077,5,1
48,1573,21,5403,9,1
40,3278,33,5957,2,0
67,2695,10,5312,3,0
27,3699,2,6375,8,1
31,1783,5,1845,8,0
40,4628,5,3212,9,0
36,1392,19,8173,4,1
24,2755,20,79,6,1
26,3434,1,4719,8,1
42,2313,25,7344,7,0
46,2156,30,4813,6,0
23,3222,25,4189,7,0
61,3077,31,5258,4,1
62,3005,9,4293,4,1
34,3858,22,5061,4,1
31,2605,5,3633,0,0
38,3319,22,7217,5,1
32,2493,27,7846,4,1
43,2150,29,4733,7,0
32,2715,13,2227,7,1
33,2501,36,3952,1,1
45,2551,31,4632,5,1
65,4165,33,6011,9,1
39,2745,21,2983,9,1
66,2337,30,3461,5,1
56,3028,6,6021,2,1
65,3104,20,6877,0,1
28,1813,15,3756,6,0
49,2701,19,2333,9,1
52,2661,18,11568,4,1
64,2827,31,6566,9,1
38,3725,14,4465,4,0
26,3136,4,6738,7,0
38,4227,10,4751,4,0
39,2988,14,6734,4,0
42,4776,28,5318,0,0
57,2539,3,5182,1,1
52,2230,35,4772,4,1
61,3547,22,2105,6,1
23,4364,14,8876,2,1
48,1621,2,3116,0,1
30,2803,31,2279,1,1
55,2389,9,4574,2,0
49,3142,39,3077,8,0
35,3010,37,4896,7,1
53,4345,21,6375,3,0
27,2891,13,6990,7,1
32,4374,16,6629,8,0
69,2684,20,4388,2,1
50,3926,14,5099,5,1
41,3228,14,5815,7,1
51,4729,0,1484,9,0
44,1522,23,6141,6,0
40,1836,11,2085,8,1
57,4831,9,9080,6,1
24,2266,30,4190,0,1
48,2330,10,4630,8,1
64,2124,15,3460,4,1
40,4148,8,3740,5,1
44,1746,13,9548,1,1
69,3022,18,6880,1,0
52,2734,30,1901,3,0
61,4036,8,8008,3,1
56,2436,35,7386,4,1
54,3415,38,4437,6,1
56,1828,25,5613,0,0
22,5273,7,4970,9,0
35,2760,23,8945,3,1
54,3008,7,3407,8,0
56,4654,18,5292,7,1
26,2413,29,4143,2,0
59,4667,21,2133,5,1
62,2588,8,9383,8,1
32,3671,3,2636,7,0
23,2427,36,5440,6,0
65,1643,7,1518,6,1
38,3414,0,4201,0,1
60,3639,27,5843,4,1
41,1684,5,3350,6,1
35,2692,35,6173,1,0
53,4200,10,4461,5,0
55,3600,4,7320,1,1
46,2604,23,7723,2,0
28,2402,17,3826,0,1
56,4948,19,5153,2,1
68,1553,27,5366,6,0
50,2940,12,6238,4,1
43,1535,4,5028,3,0
62,4314,29,5380,7,0
64,2992,0,4513,7,1
34,3178,21,5230,0,1
34,5768,17,7595,8,0
22,2406,4,6292,8,1
57,4748,30,6402,1,1
25,2609,5,6446,1,0
58,2766,26,4692,7,1
65,5638,24,5637,5,1
61,2838,28,2829,2,1
67,1625,27,7537,1,0
34,3281,15,-565,4,1
59,2827,11,4825,7,1
45,3367,19,7281,5,0
40,2866,17,2272,2,0
22,5215,33,5799,8,0
59,3556,22,3638,7,0
26,1925,26,4262,9,0
37,3124,16,6891,5,1
45,2200,20,5396,0,0
48,2752,39,931,1,1
22,2089,30,3047,3,1
55,5107,2,6950,1,1
57,2308,16,5897,2,1
25,3687,25,8496,7,0
21,2676,22,8365,8,1
60,1841,5,4315,5,1
32,3197,27,10006,3,0
56,3400,7,5048,1,0
65,3558,7,3074,6,0
43,377,18,3732,9,0
67,1765,37,486,6,0
51,3957,28,8214,9,0
31,2076,22,8189,8,0
30,3202,31,2968,4,1
23,1741,9,4544,9,0
34,3731,26,5191,3,1
36,3931,0,3079,9,1
30,3731,38,1489,5,1
49,4032,28,4579,1,0
30,4563,2,4357,1,1
32,1825,36,4223,8,0
50,2211,30,5445,6,1
61,3897,10,7859,6,1
21,4130,21,4393,4,0
25,2325,17,5340,6,0
40,2256,34,6453,8,0
28,2347,5,6108,9,0
63,1394,2,3771,4,0
32,1728,4,5192,8,1
21,1752,8,6095,0,0
40,2705,27,2743,2,1
48,3270,18,7527,6,1
63,3433,27,7863,3,1
57,2491,26,3554,1,1
67,2516,12,5387,2,1
57,3123,37,6284,6,1
32,1503,20,3908,7,1
57,3959,26,5963,8,0
69,4285,5,5326,5,1
69,2374,37,2064,9,1
64,2601,10,5918,8,1
48,4243,16,2799,3,1
67,2876,38,6878,4,0
35,3588,6,3657,0,1
26,2907,29,4677,8,1
64,4556,20,7744,8,0
40,3490,0,5992,8,1
34,3547,24,2841,2,0
22,3566,31,2970,9,1
29,2444,7,3801,9,1
57,2536,4,5789,9,0
40,3769,29,5716,7,0
46,3126,7,3313,2,0
49,1822,18,2665,5,1
21,4873,29,5563,4,1
55,3978,14,4636,7,0
26,3037,35,9314,2,0
57,2726,26,5073,0,1
25,3198,12,8628,8,1
53,3517,13,2659,9,0
69,966,36,1853,8,0
34,5112,29,2759,2,1
32,2210,38,7378,1,1
62,2998,12,8512,3,1
40,3034,15,3435,7,1
44,4996,6,4078,5,1
63,2911,26,2662,9,1
54,4588,34,1376,0,1
45,3406,14,6436,7,0
49,2038,27,5446,4,0
59,3134,34,5020,5,0
51,2881,6,2199,4,1
67,1915,19,8279,9,1
63,3357,31,3993,4,0
43,3022,37,6067,2,1
64,3556,39,2090,3,0
58,3193,31,4618,4,0
40,2348,25,5582,1,0
43,3768,38,5654,5,1
65,2375,19,5309,1,1
36,-99,17,5989,3,1
62,3128,14,2738,0,1
28,2445,21,5394,3,1
41,3382,21,5227,6,1
21,4998,20,5463,7,0
28,5027,1,5144,1,0
49,2834,39,2453,2,0
52,2173,17,2364,0,1
58,3584,22,571,6,0
25,2629,12,6635,3,0
67,3391,8,6655,9,1
42,2339,6,6687,7,0
67,3250,0,5613,4,1
54,2188,1,733,8,1
21,4184,3,2946,5,0
46,2410,13,5340,9,0
63,3661,31,5271,1,0
30,1735,35,4554,0,0
50,3781,1,5737,0,1
38,2033,39,5023,8,1
37,3261,13,5241,0,0
46,4023,19,3721,2,0
28,2800,24,6964,1,1
67,1970,7,4138,3,0
60,3496,27,2338,0,0
69,2159,20,3458,0,1
32,2595,22,4303,3,1
47,3265,31,6988,3,1
28,4360,7,4915,6,1
45,3026,30,4627,7,0
66,3022,36,2502,7,1
24,3737,15,6570,7,0
53,3050,39,3696,8,1
21,3635,26,4799,0,1
39,4078,39,7960,8,0
51,2672,17,6017,9,0
36,-275,34,1743,7,0
34,2182,14,1460,0,0
68,4208,26,4871,6,0
25,2966,16,2574,8,1
61,2660,39,6297,3,1
46,4166,1,5084,8,0
48,2898,30,5330,0,0
22,907,36,3586,8,0
26,1494,33,8482,5,0
29,3418,33,10685,3,0
53,2933,2,4442,4,1
61,4454,16,5706,6,0
45,2266,13,5194,9,1
68,2690,13,4480,3,1
33,2115,37,3335,7,1
29,2479,34,2830,2,0
33,1108,0,2728,1,1
51,2614,28,5810,0,1
61,2948,3,3960,5,0
31,2863,32,-156,1,0
24,5149,16,5889,7,1
54,4833,27,4923,9,0
58,2249,25,7693,3,1
66,956,7,5746,8,0
24,2900,33,2042,3,0
58,3376,17,540,3,0
39,2139,30,3561,7,0
26,2189,26,3749,7,1
54,4582,15,6886,4,1
38,2742,9,4982,2,1
33,3662,39,7267,1,1
61,2069,11,2350,8,0
43,2943,21,6930,8,1
39,2663,15,6441,4,1
65,2324,11,963,7,1
31,4155,10,7645,6,1
21,1611,19,5186,2,1
44,3300,0,5784,4,0
27,2644,26,3270,8,1
45,3414,2,7550,3,0
41,2658,11,2628,2,1
35,3867,29,6664,6,0
21,2060,8,6641,7,1
32,4157,36,3051,4,1
27,2971,0,8966,7,1
35,1671,3,5463,4,1
41,3680,14,6307,8,1
39,2801,26,1945,6,1
49,1292,7,9235,4,0
45,3332,22,2550,8,1
53,4006,14,7049,4,1
69,4282,26,3010,7,1
52,2621,30,3762,3,1
69,3145,38,6577,8,0
55,3050,7,7055,5,0
64,4489,29,2457,5,1
58,2189,17,7180,2,1
46,2535,3,7089,2,1
31,2165,21,3124,3,1
55,1550,2,8197,0,1
28,3247,14,2086,5,1
66,4601,34,3750,0,1
34,2801,37,5958,3,0
30,2118,32,3292,6,1
22,3186,13,5527,5,1
66,3589,0,5482,7,1
29,2843,25,4625,3,0
23,4403,7,6664,8,0
41,2187,15,4543,9,1
46,2713,37,5463,7,0
28,3295,9,7292,4,0
68,3392,36,6581,5,0
22,3047,25,6572,4,1
26,1721,27,2701,5,1
48,5338,11,6049,0,1
49,2764,19,3243,3,0
46,3110,13,2437,8,1
45,3616,34,4856,3,1
32,2363,28,3191,1,0
25,3056,11,6581,5,0
54,2322,17,6629,1,1
68,3415,1,1194,2,1
57,2723,1,3343,6,1
35,3268,16,2080,3,0
64,1953,9,4074,0,1
56,2171,17,5910,8,1
35,1634,21,4515,5,1
63,2289,18,3820,8,1
68,426,0,7600,2,1
43,2692,23,390,4,1
26,2465,35,7473,8,0
66,3150,24,3911,5,1
64,3044,35,4843,1,0
63,4257,30,3945,0,1
65,5594,30,8085,8,0
41,4137,1,2538,0,1
43,2546,18,5023,4,0
63,2506,11,6054,0,1
36,3868,9,1777,4,0
67,1316,30,3160,4,1
35,2684,21,4703,6,1
45,2761,22,3226,6,1
56,3584,22,3368,9,0
31,3613,14,4300,0,1
35,2255,25,6299,8,0
24,2585,2,4314,0,1
41,3445,22,7156,4,1
33,2201,19,3004,6,1
42,4206,39,2496,7,0
39,3609,38,8852,1,0
54,3171,7,3684,0,1
34,3390,17,2378,3,0
24,2533,5,1515,3,1
68,2373,26,7150,9,1
66,2575,35,4317,5,1
47,3499,14,4492,0,1
49,3201,36,4681,0,0
67,2577,4,7025,2,1
48,3749,38,4640,4,1
55,2826,8,9688,5,0
28,2306,6,5267,4,0
36,3254,19,7123,4,1
62,1986,9,6610,8,0
56,1312,25,4927,1,1
50,2994,3,3826,0,0
38,2342,37,5663,5,0
22,2745,23,6020,8,0
69,2033,13,3854,6,0
33,4208,0,5332,7,1
24,2338,16,7472,4,0
46,2568,23,9139,9,1
45,3377,26,6708,3,1
50,1623,6,8725,5,1
31,1549,8,3741,2,0
27,3380,34,6403,0,1
51,2555,11,7677,3,0
64,2098,20,3207,8,1
30,3603,2,4028,3,1
59,2188,14,8475,0,0
33,2725,20,3049,3,1
51,2103,9,2317,6,0
27,3303,32,8055,2,1
69,4332,5,7393,9,0
62,1138,1,5864,5,1
62,3112,28,4908,0,1
56,3856,39,4122,3,0
40,2578,32,5563,2,1
24,1868,3,8159,0,1
27,3420,3,5477,2,1
21,4001,28,9333,3,1
64,3890,36,3204,4,1
65,3365,19,4960,5,0
62,3097,22,4253,1,1
67,2100,17,2829,1,1
33,3865,24,4693,5,1
42,3809,0,5834,4,1
41,1861,14,6048,0,0
42,3364,33,9340,2,0
48,3652,19,5928,4,0
29,3882,36,7300,1,0
46,2925,26,5132,0,0
29,2142,21,8356,8,1
35,2497,4,9796,4,0
30,1992,33,6062,1,1
44,2948,38,3014,9,0
62,2753,2,3902,3,1
28,5145,16,5563,2,1
44,3894,23,5912,6,0
36,3969,23,6396,0,1
69,3471,2,5920,9,1
46,2632,6,5013,3,1
47,2724,24,3727,6,0
57,2816,2,5802,9,1
24,3188,14,8709,4,1
44,3389,28,7039,3,0
39,3000,28,6069,3,1
56,2709,9,7059,1,0
59,2405,31,4257,7,0
30,1607,22,3983,3,1
45,4283,38,3504,1,1
38,5205,8,4749,8,0
39,4199,36,4155,9,1
56,1740,39,7416,6,0
30,3787,13,4049,2,0
53,4023,3,3394,6,1
25,2596,19,8885,0,1
67,3488,27,4097,0,0
69,2543,13,5307,3,0
55,4528,33,5902,3,1
64,3365,12,2726,3,1
54,2082,30,7470,8,1
53,3669,32,6274,5,0
41,4058,38,8116,2,1
37,3198,27,3641,5,1
42,3479,24,5198,1,1
68,2930,31,5078,1,1
57,1865,8,5527,6,1
35,2848,27,2090,2,0
55,3523,30,5221,6,0
48,2871,16,2147,2,0
27,3800,22,5716,1,0
52,2607,12,742,3,1
31,2673,9,1296,3,1
30,3831,15,6637,2,0
29,3221,5,3906,8,1
34,2588,10,3024,5,1
33,4033,2,7541,4,0
45,2311,27,5655,5,1
22,2273,14,6744,7,1
55,170,12,4667,4,0
27,2446,16,10359,3,0
41,4308,6,3790,6,0
38,927,27,8488,4,0
23,2048,37,4877,3,0
62,3439,12,1690,4,1
59,755,16,5965,3,1
61,2489,14,5629,7,1
69,4140,35,2897,7,0
31,5043,27,3155,0,0
59,3290,14,4950,2,1
44,2073,10,5699,3,1
66,2039,30,58,1,0
39,3144,3,7106,4,0
24,3280,34,4011,7,1
46,4857,33,2336,1,0
58,3970,26,6882,8,0
62,3084,9,4952,6,1
52,2664,29,7432,5,0
59,6014,19,5875,7,0
65,3626,28,4996,1,1
66,2331,28,4694,4,1
56,2775,22,5965,3,1
60,2122,20,4172,7,1
57,595,9,3294,0,0
53,3312,11,6219,2,0
56,4782,29,4711,9,1
23,1369,32,5067,7,1
29,3055,17,7178,4,0
28,2293,13,4772,3,0
53,3521,21,5030,5,0
26,2827,20,3800,4,1
61,1639,0,5861,2,0
59,2018,14,5699,4,1
24,2169,35,6801,3,0
33,4344,21,3841,0,1
69,4293,31,4084,0,1
22,2688,32,6584,6,1
25,4227,38,5504,3,1
64,2826,22,3187,0,1
47,2673,1,7613,5,0
52,3057,1,1603,0,0
41,3284,37,6568,7,1
28,2444,28,2469,8,1
58,3021,2,8771,2,1
28,3787,38,1910,6,1
23,3129,6,7304,4,1
64,3042,35,4836,2,1
23,3494,28,4266,4,1
42,3666,36,5370,9,1
26,2937,35,6263,6,1
22,2525,22,3191,6,1
43,3189,15,3368,8,1
64,1406,30,6299,7,1
22,2789,33,1585,3,1
58,528,0,3831,4,1
37,1324,17,11081,4,0
55,1173,39,3063,9,1
54,4047,14,7295,1,0
43,3013,16,3828,6,0
50,1737,9,6018,6,0
28,3491,19,6308,8,0
42,3988,5,7257,8,1
64,3508,7,4599,3,1
56,2811,33,8977,4,1
25,3232,31,3821,6,0
33,3901,3,5468,9,0
49,2530,38,5490,6,0
51,3029,19,2756,9,1
67,2742,23,4428,7,1
36,1386,23,5323,7,1
62,3916,25,4135,1,0
50,5057,24,9881,8,1
36,2126,35,3322,3,0
32,3962,6,7358,0,1
37,2158,9,6712,0,1
36,3132,11,4972,4,0
32,4508,0,3269,6,0
28,2479,24,3463,4,0
40,2985,15,3964,2,1
23,1198,4,1428,6,1
36,2335,18,2993,0,1
50,1093,3,2035,0,1
65,3429,5,7691,1,1
43,3831,25,6236,0,1
48,2778,38,6571,8,1
60,3285,38,6177,3,0
25,2674,8,5333,6,0
40,3740,13,7921,4,1
60,3129,8,3778,6,1
64,1014,14,5213,6,1
21,3939,36,6494,0,1
50,2610,19,2357,0,0
41,1729,7,11193,2,0
40,2561,31,5057,9,1
26,1097,20,5283,1,1
42,1750,18,7513,6,0
38,3142,28,6829,2,1
28,3226,30,5076,6,0
59,3306,5,5260,8,1
52,3003,3,1991,0,1
53,2307,28,3887,2,0
36,2945,2,6034,5,0
32,2562,0,5887,8,0
58,1374,14,7442,4,1
54,2227,20,4758,2,1
34,3889,30,2225,7,0
56,4588,6,7113,4,1
53,3651,16,7872,5,0
43,4543,18,6796,1,0
65,3085,38,4672,3,0
22,4742,2,7088,0,0
61,5054,29,11857,3,1
41,1266,34,5230,0,0
22,3221,28,2376,3,1
47,3086,13,3827,1,1
29,2575,34,6250,5,1
21,3491,27,1790,5,0
31,3041,29,5338,7,1
23,2264,25,5760,8,1
43,2973,6,8070,7,0
46,4204,38,7620,0,1
24,3182,30,6729,2,1
38,3626,4,674,5,1
26,2722,34,6842,0,1
55,3452,13,6411,7,1
42,1790,35,5511,5,1
63,2500,26,1539,0,0
35,2897,23,3446,9,0
42,1723,39,2666,1,1
57,2169,28,969,5,0
62,3313,21,4994,9,1
32,3129,7,3404,7,1
67,3806,14,10250,4,1
69,2399,4,4662,0,1
62,3057,3,7587,9,1
58,2328,10,1861,1,0
38,3706,17,3939,3,0
65,4190,29,5193,3,1
55,3483,14,3183,6,1
50,4061,5,4155,1,1
44,3032,15,4564,6,0
62,3805,39,4532,6,0
50,3075,8,8710,6,1
34,1975,33,5756,2,1
26,3246,26,5959,5,0
23,2004,12,6079,5,1
36,5339,35,6225,3,1
27,2665,26,4834,0,1
34,3645,8,4358,8,1
29,2987,4,5333,1,0
35,1766,21,7313,8,1
41,1101,30,7252,7,0
55,3749,2,4519,0,0
22,4549,29,6535,6,1
47,2265,20,4610,9,0
22,1343,34,5067,2,1
55,2674,5,4052,9,0
38,2062,27,4636,9,1
34,2349,31,7682,8,0
40,3610,36,5184,4,1
38,2949,24,5270,2,1
30,2170,31,2105,7,1
45,3588,34,4381,2,1
22,3666,21,4517,6,0
45,2662,23,3341,6,0
53,3137,38,5043,6,1
56,3520,29,4141,0,1
51,3426,31,5159,4,0
34,3040,30,5243,0,0
21,4432,22,3088,6,1
66,3582,39,4202,7,1
36,2549,32,5154,6,1
66,2555,24,7368,0,0
23,2441,35,5513,2,0
55,3632,23,3676,9,0
61,2377,30,5798,2,1
26,2575,38,8415,6,1
45,4058,12,6833,3,1
33,3191,9,6095,2,1
54,4198,22,6451,5,0
28,3798,17,7879,9,0
41,1823,31,7151,5,1
54,2897,32,6133,9,0
24,3989,35,7137,4,0
45,1777,27,2836,5,1
35,3419,15,1995,2,1
24,2960,15,5314,9,1
65,1245,17,5137,4,0
32,3119,7,3912,8,1
52,2162,15,6651,3,1
52,1832,10,1274,1,1
48,3009,5,3930,4,1
33,1069,0,4030,2,1
51,2325,11,1727,2,0
34,5551,37,7989,3,1
40,3650,27,2281,3,1
38,2118,16,3823,4,0
49,4404,0,6815,6,0
26,2007,31,6292,3,1
52,2446,7,2783,6,0
49,1851,39,6364,8,1
63,3256,23,5579,2,1
22,4368,9,9666,4,0
43,2000,38,5807,3,1
39,939,38,4717,8,0
51,4090,9,3286,4,1
25,4553,35,3511,9,1
39,1004,24,3348,1,1
54,3460,9,7742,9,1
30,3226,18,5035,0,1
45,2212,14,6130,6,1
22,1605,15,8028,0,1
31,3991,1,283,7,1
51,3179,28,7557,8,1
35,3254,3,5110,6,0
29,2378,28,5870,8,1
43,2198,30,3343,9,1
39,545,16,3489,5,0
29,2771,9,5977,6,1
55,4438,26,9769,2,0
41,2109,14,7006,8,1
29,1477,30,7531,2,0
48,3435,20,4615,5,1
66,3620,25,3799,3,1
27,2414,37,3438,8,1
36,2651,35,4023,0,0
36,3263,16,894,8,0
53,2844,2,3550,3,0
24,4000,13,3879,9,1
24,5437,12,4649,4,0
59,1290,26,5263,0,1
60,4229,0,5724,0,1
37,3105,16,4970,5,1
57,4388,33,3837,9,0
59,3724,13,1073,0,1
49,3061,16,3849,1,0
56,3760,2,3055,2,1
58,2605,33,5932,6,1
59,2225,39,6818,1,0
57,3810,24,6877,4,0
55,2155,1,6513,8,1
27,3642,33,4732,9,1
47,3030,25,3956,7,1
48,670,30,3505,7,0
42,2425,8,1985,1,1
34,3334,29,6983,0,1
27,2593,19,4650,8,1
57,453,20,2507,9,1
42,4320,28,3347,3,1
25,3169,24,3266,8,0
22,3443,37,5086,6,1
47,2526,24,7134,5,0
41,3531,8,4304,9,0
58,4834,38,494,8,1
35,2264,25,4621,9,1
41,4667,36,4687,3,0
30,3398,15,4550,0,1
43,2130,36,3745,4,1
59,5212,11,5434,5,0
25,3391,23,5132,5,1
21,3676,25,4950,0,1
33,2730,19,5825,6,0
41,2203,8,4140,7,1
46,3167,22,4026,4,1
65,4581,38,7760,1,1
41,2690,28,6118,1,0
38,2973,30,6653,4,1
57,4456,18,7452,6,0
65,2699,19,6051,6,1
52,3510,22,6856,3,0
56,3877,26,1841,2,1
37,2803,29,5408,8,1
55,3309,20,4634,6,0
69,3661,34,8355,1,0
31,2599,6,6855,0,0
41,3815,21,3739,1,0
46,2453,9,5745,2,1
24,2324,22,5335,4,1
54,1472,14,5908,2,1
68,2496,29,2962,9,1
38,2184,33,5720,8,1
60,2599,12,4543,9,0
55,3611,3,5564,3,0
61,1274,17,3551,6,1
49,1025,22,3829,3,1
49,2250,32,7347,2,1
58,3461,33,2896,9,1
62,3288,33,3044,0,1
41,2234,35,4896,8,0
62,4169,34,3456,0,0
33,2341,16,3229,0,1
69,3462,27,5210,0,1
61,2637,13,1989,4,0
37,2131,33,2984,6,1
29,2394,10,9108,6,1
61,3734,12,5918,9,1
21,3361,32,3506,0,0
22,3968,1,5836,5,1
68,3360,33,6134,8,1
49,1388,28,6988,5,0
53,5114,36,4745,3,1
30,3375,3,6952,9,1
60,3514,11,923,8,1
41,2623,25,2887,2,0
48,4113,27,5327,9,1
31,1906,2,5659,3,0
54,3609,19,3176,3,1
28,920,9,5518,3,1
42,3677,17,3752,5,1
28,1920,26,4446,6,1
69,3276,30,7049,8,1
35,4357,26,6817,2,1
37,3822,0,3005,7,1
43,4224,5,2885,7,0
44,4120,10,4177,0,0
65,2475,33,4946,4,0
39,3598,38,3684,9,1
25,1275,19,7081,4,1
52,2313,20,5694,7,1
64,4392,20,5812,7,0
21,2614,17,2466,1,1
43,1131,20,7334,2,0
57,5013,18,-640,1,1
28,3562,3,6668,0,0
33,3764,12,6868,1,0
28,2019,17,4135,9,1
43,3284,28,7545,5,0
63,3257,24,4873,0,1
21,2178,12,5124,5,1
65,2830,26,5679,0,1
44,1499,18,11373,1,1
55,2653,0,7688,7,0
44,3973,37,6402,5,1
37,2253,18,3174,8,1
25,4907,0,5287,0,1
40,1563,39,3373,4,0
41,2739,16,6644,6,1
60,2343,20,5280,8,0
51,2819,21,2750,8,0
66,4371,14,5162,3,0
56,2015,38,3301,3,0
31,2548,38,5302,3,0
35,3654,31,3281,2,0
39,3093,3,5054,7,1
27,3175,31,6500,4,0
48,2034,3,4893,6,0
63,2928,0,4218,9,1
25,4131,32,5406,5,0
25,1390,6,6394,8,0
50,2302,8,2785,2,1
52,1184,0,5521,5,0
28,3536,15,7635,2,0
30,4225,17,6147,1,1
58,2816,5,5115,2,1
67,1994,1,6279,1,1
52,2023,8,5904,1,1
68,2702,3,6507,9,1
48,2699,22,952,6,1
37,3911,7,1893,9,0
51,2331,38,7009,2,1
28,3435,24,1989,7,0
60,2694,15,5803,1,1
45,2255,34,4295,6,1
29,2669,16,3007,2,1
22,3336,17,5699,8,1
35,3914,26,5402,6,1
23,2748,14,9220,8,0
69,1796,16,3750,1,0
56,3999,4,7880,5,1
24,2101,15,5704,4,1
34,3260,14,3677,1,1
61,2975,33,6598,3,1
61,2841,18,6131,3,1
45,2513,7,5071,7,1
30,3620,9,5532,6,1
41,-582,4,3806,4,1
56,4136,25,3348,8,1
32,2087,21,6518,0,1
47,3407,22,4552,3,1
60,3355,12,4839,4,1
22,4274,8,5559,7,1
33,3197,19,5530,2,1
52,2170,27,2141,4,0
51,1395,36,7572,2,1
36,2651,23,5242,6,1
52,1041,32,4594,9,0
52,2371,19,5861,2,1
54,2707,29,5473,6,1
31,2310,8,6534,1,1
30,3041,16,6075,6,1
35,2763,35,6435,8,1
37,2672,13,7701,4,1
60,575,18,6767,5,0
38,1705,6,4679,9,0
29,3642,2,2754,2,1
45,3804,32,8335,9,1
60,1161,31,4524,4,0
34,2185,10,4053,4,0
45,4071,1,1526,2,1
42,2281,25,5676,7,0
50,2888,3,5297,5,1
40,4441,16,1969,2,1
41,2638,16,5906,0,1
64,2495,27,4003,9,0
52,2842,29,10380,0,1
66,4853,39,3861,9,1
69,3446,22,4129,1,1
41,3019,23,3250,9,1
55,2475,28,7555,4,0
52,3538,3,4254,6,0
50,3659,37,3550,0,0
59,1926,28,6413,0,0
69,3686,18,2239,3,1
32,2848,26,6250,9,1
61,3024,28,8562,5,0
67,2115,35,6133,8,1
38,2600,34,6275,0,1
41,1969,5,6740,9,1
33,1921,22,8419,4,0
41,3377,38,7419,8,1
28,2644,7,5879,7,1
66,1700,1,6807,6,1
60,5177,12,3228,9,0
66,1875,39,6552,1,1
27,4092,20,2988,8,1
43,1523,30,4265,7,1
64,3456,35,-1165,9,1
52,2749,37,5802,9,0
31,2370,26,3712,8,1
42,3196,35,7222,8,0
42,3062,22,5780,8,0
63,2187,20,7248,2,1
45,2142,12,2832,6,0
42,1426,36,7076,0,0
48,3305,25,9211,8,1
49,1746,39,6528,8,1
33,3003,6,6580,2,0
38,3592,38,5339,4,1
22,3208,21,3950,7,0
49,2276,38,6522,5,0
41,3908,22,1987,9,1
35,2592,29,4164,9,0
47,1665,17,1457,8,1
51,2716,17,3592,2,0
35,3586,9,6284,6,1
43,2325,38,6010,5,1
44,3878,29,5101,4,1
64,2229,25,5340,3,1
33,2365,6,1228,4,1
42,1953,6,4254,3,1
63,3683,4,3637,2,0
57,2946,0,3681,6,1
53,2020,17,6199,5,0
23,2603,12,3278,3,1
39,-71,24,3790,8,1
43,3777,39,825,0,0
49,2829,7,4411,0,1
50,593,9,2824,8,0
59,1543,31,5158,6,1
64,2578,16,3097,1,0
67,1685,37,5209,9,1
45,3793,14,4710,4,0
57,3418,14,8344,3,0
67,3359,39,5994,0,1
28,395,19,1320,8,0
62,2474,14,2470,5,1
36,2302,34,5110,5,1
28,2045,5,3140,3,0
21,2584,29,-936,1,1
64,1873,7,7699,7,0
25,3215,30,6440,7,0
23,3766,31,6041,2,0
21,3680,14,3785,6,1
24,2862,17,5855,6,0
60,4999,12,3591,4,1
55,4139,23,5409,4,1
52,2898,39,3158,7,0
62,2517,13,8032,3,1
54,4338,27,1859,0,1
63,4007,10,7464,0,0
45,1589,5,5077,8,0
30,4085,24,4021,3,1
41,2845,0,5334,0,1
66,2139,24,6466,1,1
59,1020,1,7733,9,0
47,2731,31,5626,6,0
47,2987,12,3218,1,1
22,4587,32,5111,0,0
61,3957,31,8633,9,1
68,2417,23,7695,8,0
33,3389,26,6817,4,1
29,3826,3,6591,3,1
56,3085,23,6398,3,0
42,2412,22,7317,0,0
62,2467,28,4086,2,1
46,3385,33,2289,0,0
32,3412,20,5138,4,1
37,2707,29,3364,4,1
34,380,25,2889,8,0
34,1709,19,3559,7,0
54,3619,15,9970,4,1
40,869,2,5272,4,1
31,4184,36,5723,6,0
36,4036,39,2555,1,1
51,3041,24,1312,6,1
26,3597,22,3361,0,1
39,3528,0,7876,4,0
57,2883,32,5668,5,0
24,1626,14,6197,9,1
67,3967,16,6477,0,1
24,4407,33,3817,8,1
40,1791,16,7775,8,0
30,1588,3,3734,0,1
44,2863,12,7812,3,1
55,2373,3,5884,7,0
46,3144,6,1421,1,0
57,4207,8,3503,7,1
58,754,22,1430,9,1
41,4581,32,7326,8,0
60,2593,32,4950,8,1
59,3511,19,543,0,1
41,3618,3,5751,8,1
30,3735,0,3925,3,1
58,3061,33,2032,7,1
66,3295,26,8355,8,0
24,3289,20,5214,2,0
65,2369,23,4413,5,1
40,1241,14,4201,2,0
37,1780,34,1973,0,1
27,2895,24,2390,9,1
24,2213,8,7569,5,0
49,2215,16,4052,4,1
34,4799,20,5044,2,1
23,3858,12,911,3,0
44,2747,2,2363,1,1
57,3672,3,6219,9,1
36,2579,3,5755,9,1
24,3110,27,8506,3,1
44,3441,6,7685,3,0
54,2582,25,4538,2,0
50,2314,10,5945,5,0
38,4223,23,4366,0,1
39,3614,9,9109,8,0
51,745,36,7298,9,0
39,2331,12,5339,2,1
69,2218,38,5400,2,0
66,2378,18,7889,2,0
39,3862,18,6159,6,1
42,3019,11,8117,7,0
44,1610,21,612,1,1
65,2616,36,5922,0,0
32,3541,29,3969,4,0
50,2780,11,8512,7,1
58,2355,28,8092,2,1
51,3331,20,5065,5,1
56,4618,10,8071,2,1
39,3461,36,8566,5,1
68,4300,17,5148,3,1
65,2422,26,9943,6,1
56,2991,36,4937,9,1
50,2971,11,4570,0,1
69,3118,22,6731,0,0
53,3440,33,4292,4,1
38,2081,37,5170,8,1
69,3647,22,7818,4,1
48,1372,24,5038,3,0
67,1664,3,1609,7,0
31,5135,29,5734,4,0
65,2489,29,3607,0,1
53,3729,12,6730,6,0
37,4698,13,6392,3,0
26,685,7,7942,9,0
24,4126,23,6815,4,0
40,3648,17,7180,5,1
68,4640,34,3661,6,1
67,1818,24,6607,1,0
47,4451,16,8936,0,1
35,2260,31,3622,2,0
26,4054,23,8599,9,0
67,2963,6,3901,0,1
34,3770,12,3296,3,1
31,3048,26,5592,5,1
59,1160,4,6431,4,1
29,-120,35,6823,3,1
46,3209,25,3076,6,0
36,2736,30,5869,5,0
25,3398,9,3628,2,0
30,2747,25,2022,8,1
23,5018,21,3142,4,0
33,3230,11,3498,9,0
63,2553,31,6043,0,1
69,3337,26,7304,5,0
50,2571,32,2053,4,0
65,3092,19,5703,9,0
26,1782,38,2646,7,0
37,2991,39,6258,3,1
65,2522,12,3754,0,1
39,1877,13,2897,1,0
62,4975,39,6599,7,0
55,1916,21,3826,9,1
66,3006,17,4368,7,1
46,2197,28,560,4,1
25,3297,15,6893,5,1
49,1725,34,6641,1,0
57,3840,33,5010,8,1
40,5036,2,1944,5,1
69,2160,3,7418,8,0
41,4216,4,3667,9,1
30,2618,9,4093,2,0
25,4505,28,9624,5,0
56,5188,31,3592,9,1
26,2766,30,6484,4,1
46,1479,1,6124,8,0
24,3948,11,5780,9,0
59,3224,26,5564,0,1
59,3501,4,5752,8,0
55,2660,36,5543,4,1
21,2115,26,4896,0,1
44,4160,22,8022,9,1
56,3319,32,2374,7,1
26,1556,3,7042,6,1
61,3686,20,6644,5,1
66,3486,23,6396,1,0
64,2674,30,7233,4,1
51,4619,23,4814,2,0
40,2381,9,1262,1,0
44,2831,1,4855,9,0
45,3768,30,3017,0,1
56,3076,24,3536,8,0
41,1615,3,2515,1,1
50,3183,10,4045,0,1
44,2585,16,3806,6,0
64,3856,1,244,8,1
62,3151,5,6400,5,1
50,3094,8,9440,7,1
42,1951,4,6212,6,0
48,2769,19,4594,8,1
27,3970,28,4890,6,1
55,2223,20,4158,5,0
48,2967,8,5180,0,0
34,2063,27,4925,8,1
30,1816,7,3317,9,1
36,2915,30,8365,4,0
36,3173,19,2025,1,0
51,4993,26,6436,7,1
62,2544,7,4797,3,0
45,2949,20,8801,2,1
33,1749,27,5681,0,0
26,3612,22,4280,4,1
64,3398,5,4504,2,0
29,4488,2,5079,3,1
65,4111,4,2714,8,1
56,3351,8,3466,6,1
63,2529,6,1430,4,1
40,3204,3,3154,7,0
38,2888,38,5187,5,0
63,3953,4,5600,9,1
41,3826,10,1041,1,1
24,2703,14,4725,6,1
53,1538,33,6126,0,0
47,4333,12,4674,2,1
27,3581,6,3732,0,1
26,2680,39,4175,0,0
35,3542,5,3918,4,1
38,3074,38,3726,5,1
52,4318,29,5347,2,1
31,1070,21,9615,2,0
40,2602,24,3512,2,0
44,4599,27,4363,0,0
35,3563,19,4896,4,1
68,4772,38,3625,0,1
27,1778,2,7196,9,0
41,4072,4,258,9,1
62,4012,0,3937,2,1
46,1318,14,6636,5,1
64,2704,25,4411,5,0
34,2893,2,3358,2,0
57,1380,39,5881,8,1
41,2725,33,6812,7,0
38,3873,4,5421,2,1
25,2609,30,3397,4,1
23,3242,12,5912,4,0
43,3249,0,4195,4,0
46,2987,21,6490,2,1
57,2294,14,7966,4,0
44,3658,25,-211,4,0
69,1412,17,5222,3,1
39,3008,8,1528,3,1
45,4385,0,9883,1,1
41,2552,8,4063,8,1
32,2272,22,6492,6,0
61,3725,1,4929,0,0
53,3163,13,3393,4,1
24,3745,37,3155,1,1
62,3038,39,8171,9,1
27,611,17,6911,5,0
42,4179,15,8887,6,0
53,5070,28,5110,1,0
37,4284,10,5575,5,1
44,-538,5,4465,2,0
54,3451,2,4425,8,0
48,2533,13,2916,3,1
63,1915,1,5168,2,1
61,3122,31,3421,2,1
59,2851,30,5883,1,1
42,3508,10,5340,8,1
69,3056,21,5575,7,0
37,1879,2,8350,4,1
54,2423,30,4924,8,0
26,2262,32,6513,1,0
66,1283,23,9103,5,1
26,1628,0,7613,6,1
54,2788,14,7306,5,1
21,4423,36,4386,2,1
30,2464,26,5459,9,1
41,2242,37,2363,9,1
25,1818,26,5997,9,1
22,3030,11,5548,8,1
42,4179,2,5046,7,0
68,5002,29,7054,7,0
22,3285,31,2584,7,1
30,3139,22,8269,8,0
54,2456,1,6803,0,1
36,2623,6,4858,7,1
68,3629,33,4702,1,1
59,2685,31,5961,3,1
42,2837,38,8041,0,0
32,2974,31,5203,5,1
44,2409,13,5288,9,0
67,2925,2,5036,0,0
60,980,31,8564,4,1
58,3548,35,4262,8,0
30,5351,16,4940,0,0
55,2447,2,7926,8,1
69,3373,9,5294,3,1
52,3851,39,7274,2,1
27,4280,17,3177,7,1
41,2735,2,4589,5,1
40,1196,38,7968,6,0
46,3267,9,3647,8,1
24,3128,8,4697,4,1
66,2654,10,5513,1,0
42,2866,32,3021,2,1
35,3143,35,4172,2,1
60,3361,25,5225,3,0
41,3319,26,5093,9,0
35,2782,37,7560,6,0
42,3384,21,8082,9,1
48,2714,25,3287,5,1
34,3642,21,5222,2,1
47,2372,4,6348,6,1
61,3073,34,8032,3,1
60,1376,1,6436,9,1
48,2630,34,5581,7,1
46,3567,8,6333,6,1
69,1966,17,6347,6,1
22,2679,11,3144,8,1
45,594,2,5385,7,1
23,1631,17,7918,0,1
28,1893,37,4585,6,1
64,3101,6,5258,2,1
53,3333,32,4514,3,1
62,2943,5,372,5,1
55,2617,17,5041,4,1
26,2620,21,5603,7,1
59,3716,38,3975,1,0
43,3212,8,2690,4,0
45,2666,34,3238,4,1
63,4293,22,6528,2,0
39,4949,11,8945,9,1
25,1754,23,7764,4,1
31,3522,39,2311,3,1
32,6089,8,6709,4,1
30,3280,12,3673,9,1
28,3115,39,3835,8,1
44,2944,16,4076,6,1
48,3490,6,6412,0,1
61,3754,16,6918,2,0
56,1755,23,4803,8,0
57,2973,1,4837,3,1
41,730,34,5928,3,1
28,2790,27,6135,9,1
29,2097,18,7352,5,1
67,3339,32,2431,2,0
35,1343,20,5040,2,1
68,2487,9,2863,8,0
66,3966,8,4898,4,1
60,2323,37,4547,6,1
38,1095,5,4906,4,1
62,3257,34,3400,5,1
40,2413,17,2025,7,1
26,2814,18,811,7,1
32,2270,4,4737,1,1
22,4974,24,4137,8,1
27,1441,10,3648,9,1
36,5833,9,7645,5,0
23,2609,16,3281,6,0
65,3183,35,7833,2,1
23,2425,25,8247,3,0
47,2383,30,1098,5,1
63,2215,31,5184,6,1
60,3601,20,4200,5,1
58,1589,17,-823,4,1
53,3364,17,2110,1,0
48,815,0,6549,6,0
21,3273,13,9038,4,1
28,3849,7,6805,8,0
57,1725,1,5647,3,0
52,3678,14,4957,9,1
68,3051,33,8365,1,1
63,4598,35,9296,6,1
57,2144,0,3826,6,1
24,5815,20,1000,0,1
50,609,0,803,4,1
26,2670,31,7643,2,1
66,1301,19,4905,8,1
39,4851,35,5366,8,0
52,2738,38,1418,6,1
29,2828,29,3493,8,1
32,3443,6,4409,1,1
31,2995,21,5415,9,1
66,2406,9,4202,7,0
36,1743,7,2925,9,0
21,3168,26,3430,9,1
65,3378,9,7416,9,1
41,3695,13,5489,0,1
50,4912,10,6224,2,0
33,826,5,3202,7,1
54,2932,20,-907,7,0
24,4191,32,3953,9,1
48,2875,18,3266,7,0
58,661,38,5698,6,1
51,1708,23,11571,1,1
47,3328,17,6390,2,1
25,3292,34,10471,8,0
45,3672,36,6137,1,0
23,2218,18,3740,6,1
53,3259,23,5695,0,0
24,2054,33,8561,2,1
45,3259,21,8659,0,0
40,3053,3,3849,5,1
54,2179,9,5506,3,0
46,4558,1,2141,0,1
25,1294,7,6649,4,1
55,2858,32,8106,3,1
48,2157,37,5079,9,0
49,4834,27,3665,9,1
29,3598,9,5720,1,1
58,2350,0,5834,6,0
26,2720,33,5162,7,1
39,4861,2,5357,3,1
64,2053,8,4652,8,0
31,1235,4,6991,2,1
22,3291,9,6472,5,1
67,3313,11,3033,6,0
64,3666,17,2978,6,0
64,3672,20,4491,5,1
29,4770,20,6473,8,1
41,1281,0,5296,0,0
44,1797,2,3713,8,1
54,3662,4,5523,8,1
42,1894,24,4338,3,0
23,1543,7,6760,4,1
32,4865,16,5666,2,1
48,1380,8,4369,6,0
50,2648,31,5463,1,1
46,2940,5,7630,7,1
68,4309,39,3860,8,0
41,1131,20,5805,5,0
48,3415,6,4859,8,0
46,2109,6,5853,5,0
53,3627,38,3690,2,0
41,2093,26,5220,9,1
55,4572,7,7215,2,1
54,2099,8,3125,1,0
61,538,27,2341,4,1
67,2211,14,2417,3,0
38,2738,1,2658,5,0
31,4082,6,6190,4,0
43,1741,17,2188,5,0
68,1761,21,4404,3,1
42,3960,9,6236,2,0
37,1624,32,5833,0,1
25,2821,6,4228,4,0
64,2841,2,5381,5,0
31,3217,13,5214,4,1
50,2250,35,4551,4,0
35,2073,12,4578,5,1
47,3334,15,9470,3,0
55,2104,15,6618,3,1
53,1640,4,9961,7,1
40,4227,24,4006,7,0
36,3488,37,4830,2,1
54,4767,37,2335,6,1
22,3783,37,3380,4,0
55,1731,38,8803,4,1
60,3096,25,3955,2,0
48,1984,12,8838,1,0
67,1348,25,2513,2,0
59,2552,0,2893,6,1
26,3981,7,4317,2,0
29,3274,3,4872,1,0
40,1609,20,6846,3,1
21,2517,21,5901,4,0
28,2857,36,4167,6,1
43,1310,2,4733,0,0
23,3713,18,4361,7,1
24,2771,0,3170,9,1
45,1609,28,3224,2,0
67,1552,22,7055,5,0
58,4100,32,1343,3,1
35,2619,22,8234,4,1
41,4190,4,4314,9,0
55,4572,6,3454,5,0
66,4022,5,6479,1,0
34,2466,21,7970,2,1
56,502,12,7235,7,1
32,3312,11,6003,7,0
37,5091,3,7173,0,0
59,2964,7,1567,9,0
29,1010,36,3956,7,0
55,2325,30,3177,1,1
33,2816,36,7449,9,1
35,1902,25,4233,9,0
38,436,7,6690,7,1
53,2902,39,6071,9,0
26,2215,32,3275,4,1
47,4772,28,3826,0,1
43,3101,4,7587,7,0
47,3469,27,3449,4,1
54,2880,39,5249,0,0
66,3093,16,3434,3,1
58,1347,22,4372,0,1
34,1959,8,4907,8,0
56,4088,1,3434,9,1
28,3209,31,3079,1,1
55,2601,30,5572,7,1
39,3486,6,3310,3,1
50,3505,29,3378,8,0
34,4990,2,3121,1,1
40,3163,8,4844,2,1
69,1937,9,6887,1,1
45,2884,25,8013,9,1
60,3607,0,3548,4,0
44,3995,29,9300,0,0
34,1384,37,2990,2,1
46,3253,14,7167,0,1
58,2102,24,3556,9,1
43,2433,5,3258,7,1
42,3845,17,3510,3,1
68,3746,0,4895,2,1
39,2321,2,6159,7,1
66,2842,16,6339,8,1
23,2463,7,3112,7,1
62,5891,39,3020,5,1
39,3278,16,3166,2,0
29,2160,24,4777,7,0
48,4322,11,4579,4,0
40,4357,28,3099,4,0
65,4791,24,5539,8,0
27,5087,35,9525,0,1
34,3707,24,3990,6,1
29,2650,28,4132,7,0
39,2797,10,6119,9,1
67,2707,3,3882,2,1
34,2596,13,6337,7,0
58,4239,37,3562,0,1
56,3000,16,8664,7,0
60,3971,1,5689,6,1
37,3676,7,3759,3,0
50,1901,35,3822,6,1
29,1282,9,3972,9,1
53,1763,6,7745,6,0
45,2573,35,2462,9,1
34,3134,15,3664,0,0
31,2351,13,3876,2,1
55,3703,15,4968,6,1
61,2472,24,4457,4,1
34,3256,3,2017,8,0
50,3117,28,4200,6,0
61,4734,5,4800,2,1
24,2024,0,3743,0,0
24,5208,38,6373,4,1
48,2405,0,6838,9,1
28,1659,39,4843,4,1
22,2783,2,5461,6,0
61,6240,0,677,0,1
66,3895,0,4157,9,1
42,3602,38,7009,1,1
61,3795,20,4153,5,1
36,2230,29,3525,7,0
49,3326,31,9555,3,0
69,3002,32,8638,2,0
68,4809,21,5935,2,1
50,2891,29,7277,2,0
32,2621,3,548,1,1
55,1835,22,3424,0,1
31,3140,24,4060,4,1
66,3292,11,4528,9,0
41,1798,16,4020,4,1
41,3453,14,-100,4,1
25,3233,9,5772,3,0
68,4013,34,6087,2,0
40,4212,28,8203,2,1
57,3094,11,3423,1,0
23,1963,0,3259,4,0
64,2169,0,-359,3,0
53,4762,9,4412,5,0
29,3165,17,6802,1,1
29,4746,1,3776,1,1
24,3498,7,9286,7,1
55,3753,21,4486,5,1
37,3938,21,5293,2,1
54,1776,25,2273,4,1
44,3306,25,5574,2,0
52,1763,8,1041,1,1
21,2715,20,6387,2,0
28,3640,30,6448,0,1
65,1974,5,7718,6,0
43,3559,13,2960,5,0
67,1501,32,5321,4,0
60,4143,6,6127,5,0
32,2335,23,5884,7,1
32,1972,8,3269,2,0
66,1564,10,216,2,1
67,2420,22,5693,4,1
35,1092,1,4695,4,1
61,2451,14,3866,0,0
39,4099,34,6527,3,1
46,2811,35,4910,8,0
49,1822,27,2361,7,1
42,3226,38,1137,2,1
60,3137,3,2742,4,1
41,4956,9,9786,4,0
58,3790,5,6445,6,1
40,3305,29,5377,7,1
49,3905,34,4636,8,1
24,2865,9,4505,6,1
27,2924,31,7334,1,0
48,4658,2,4018,7,0
48,1364,25,6153,7,0
24,3967,14,4303,1,1
42,2889,16,8880,5,0
32,2708,26,6484,9,1
65,2447,17,7491,0,1
23,3153,18,3831,6,1
42,2956,11,7116,9,1
64,2585,23,4374,1,0
22,2297,4,5220,4,1
44,1094,23,8270,6,1
54,2276,26,2914,9,1
47,2487,29,5406,8,0
61,3151,14,5876,0,0
21,4963,37,6040,8,0
28,2384,33,4098,4,1
43,1976,26,9172,5,0
58,2285,19,2410,7,1
26,3153,31,7917,1,1
42,3588,3,7430,6,1
45,3728,4,8801,3,0
38,3827,7,1823,8,1
37,3969,21,3262,5,1
32,2721,6,7983,6,0
26,5053,21,1245,5,1
46,2645,29,1787,7,0
47,3109,36,4023,5,1
28,4295,15,5383,6,0
39,3566,14,8184,7,1
62,759,4,4629,0,1
21,3005,2,3783,9,0
49,3861,22,5622,3,1
65,1656,9,5939,5,1
69,3750,4,5882,0,1
55,3390,22,4644,3,0
60,4183,14,1089,5,0
34,2308,17,3164,6,1
55,3995,24,7840,5,0
68,3159,7,5374,3,1
65,4766,30,4354,6,0
40,5786,20,7236,9,0
69,4538,1,2739,1,1
33,3480,21,4549,5,1
58,5321,7,5275,4,1
69,3603,22,4117,1,1
66,2092,31,5201,8,1
69,2960,7,4624,6,1
28,3761,3,2201,2,1
63,3825,29,5362,6,1
40,1874,18,2343,5,1
53,1906,22,5331,6,1
46,2658,17,7748,3,1
59,3534,28,4437,9,0
41,3662,22,2657,7,0
69,3141,32,4746,7,0
62,2165,17,3336,6,0
63,4736,32,6189,6,0
61,1927,6,4704,9,1
29,4302,27,8419,7,1
44,3738,0,7325,0,0
57,4280,38,4693,5,1
69,2555,33,6431,1,1
61,2857,38,4213,0,1
37,3055,18,5067,9,0
44,2523,30,4277,6,1
41,3225,12,6532,5,0
59,4579,23,7865,4,0
61,1703,4,6597,4,0
59,2342,22,6843,8,1
33,2234,18,6846,8,1
31,2905,0,6102,5,0
66,2864,32,2721,2,0
39,3772,32,8401,6,1
31,3033,31,8608,3,1
33,3302,27,4532,4,0
66,3398,36,4258,6,1
65,3245,11,6224,6,1
21,3703,8,6101,9,0
60,2877,10,4596,7,1
64,4646,32,2499,0,0
39,5541,18,5611,4,1
32,3706,33,6102,8,1
28,3227,6,6451,6,0
28,3624,30,5698,1,1
65,1898,1,4457,0,1
32,3180,18,6988,7,0
68,2268,37,5131,8,0
53,3509,31,4070,9,0
65,2273,9,4638,4,1
46,2655,7,1508,5,1
59,1128,25,4635,1,1
48,1826,29,6376,4,1
25,3354,10,5679,3,1
28,2131,19,8041,7,1
45,4063,19,4474,7,1
47,2046,8,5974,4,1
66,3453,7,6585,7,1
43,2238,14,9685,5,0
50,3385,33,5289,9,0
65,1465,23,2911,5,0
67,2546,32,6695,3,1
43,2153,39,8731,9,1
69,3883,26,4354,2,0
67,3462,20,6682,8,1
40,1767,4,7457,4,1
38,2796,34,7034,9,1
38,2227,20,5251,9,0
22,3950,3,3603,3,1
24,4271,15,4837,5,0
50,1558,30,5917,3,0
53,3826,25,6816,5,0
56,2176,34,5667,9,1
38,2747,5,4240,7,0
57,3032,32,6110,7,1
39,4816,20,6720,5,1
67,1996,15,5759,0,0
48,3834,38,3327,0,0
60,1828,33,4637,2,0
40,1759,14,6895,1,1
69,3028,5,2233,0,0
53,3021,1,813,0,1
32,167,23,8016,5,0
35,4159,27,6022,6,1
61,860,0,6213,7,0
59,2854,0,2846,2,1
22,4327,27,6475,0,1
49,5209,35,5550,4,1
61,2636,19,1831,7,0
30,1567,7,7848,3,1
22,4290,0,5317,1,0
31,3865,25,4207,8,1
33,2511,24,4244,8,1
30,2384,9,969,2,1
34,2282,11,6186,6,1
38,2655,6,5523,0,0
29,3316,11,4611,7,0
59,2433,39,7556,7,1
48,2560,16,2232,2,1
23,3641,4,3806,4,0
40,1517,13,3299,3,1
26,2624,33,4442,6,0
47,1324,16,5134,6,1
22,3108,34,5860,7,0
49,1060,0,4306,4,0
58,3890,35,3245,4,1
23,1685,14,8372,7,1
36,1227,18,9823,4,1
50,2636,4,5286,0,1
60,4711,18,3486,2,1
22,3711,38,7950,1,0
37,1077,4,2106,9,0
61,1656,11,4330,4,0
32,2604,18,3607,7,1
55,5238,11,2680,8,1
63,2061,35,4439,8,1
21,2069,11,3271,0,1
65,4527,17,5025,0,0
35,3194,33,5054,0,1
46,4053,32,3757,0,0
57,2272,17,4258,8,1
41,2898,28,4538,0,0
69,4315,4,6619,6,1
51,2855,24,4703,5,1
45,4123,23,6649,8,1
43,3387,28,6171,8,1
44,1960,37,6143,3,0
58,2983,32,7775,8,0
48,3981,9,2761,5,1
41,3669,36,4053,4,1
63,2959,32,8526,8,0
38,1108,22,4485,6,0
56,1204,10,-630,8,1
55,1416,23,4594,4,1
65,2489,23,5269,3,1
29,2622,6,-234,9,1
58,1524,20,7667,2,1
50,4022,19,3572,4,0
64,1736,9,5657,8,0
54,1629,24,4548,2,1
52,3088,35,2423,0,1
23,3973,14,2858,1,0
23,5054,39,3129,9,1
48,3582,39,7171,4,0
64,4579,5,4704,2,1
35,1787,36,3956,5,0
61,5159,1,3130,7,1
43,1138,11,7392,5,1
60,2496,3,7928,9,0
31,3560,22,7369,8,1
68,1394,12,5984,5,0
52,2072,16,5579,4,1
56,1914,30,2568,3,1
53,2689,15,4508,1,1
44,4421,25,3632,5,1
59,3016,27,1348,1,1
54,2536,0,7114,4,1
48,115,11,3608,0,0
57,3466,36,7391,2,0
27,3790,19,6763,9,1
24,1299,1,6113,4,1
57,2933,35,6225,6,1
21,3193,14,3769,7,0
21,3964,37,8715,6,1
67,2275,21,5086,6,1
40,2124,31,5603,1,1
39,2543,19,3701,5,0
49,4284,35,3137,4,0
30,4043,32,5954,8,0
38,2978,14,5435,9,1
48,4019,2,3421,3,1
55,631,28,2123,6,0
63,3791,26,2460,7,1
67,1881,4,7392,5,1
51,4767,30,3773,2,0
47,1935,21,4322,4,1
31,2147,34,7900,0,1
69,3562,6,2755,7,1
69,3658,5,3546,1,1
58,2553,25,3462,9,1
25,3371,0,8236,6,0
28,3495,18,8986,8,0
54,3393,6,6503,0,0
68,2595,35,6566,3,0
32,3505,11,3839,6,0
58,4406,19,8894,8,0
21,1774,22,5535,1,1
51,2159,24,6706,1,1
24,3027,29,4788,5,0
69,1943,28,4463,2,0
65,1196,30,8326,3,1
25,4093,17,6079,2,0
50,771,18,7902,0,1
44,2597,3,5510,5,1
23,3758,0,3303,1,0
31,3266,14,3833,1,0
65,2612,7,5205,6,0
24,1902,14,3746,4,0
46,3343,14,2785,7,1
47,2011,38,7402,1,0
66,3265,21,3910,9,1
63,3140,17,5276,7,1
47,3151,15,5592,6,0
62,2359,1,3823,9,0
26,5035,35,7901,7,1
35,3358,19,2765,2,1
50,2721,15,5523,7,0
62,3264,2,5492,5,0
57,2225,29,4891,1,1
57,2613,1,2406,5,0
62,5391,34,6741,4,0
57,2232,25,6487,2,0
55,2922,4,3648,0,0
43,2543,1,6414,6,0
26,1960,19,5749,1,1
24,3421,33,2438,0,1
38,3036,33,3292,0,1
29,3911,19,7276,6,0
69,3810,24,5618,0,1
49,3900,19,3871,8,1
33,2081,24,3283,5,0
67,3640,13,3969,3,0
37,3665,38,4111,3,0
65,1978,11,3308,4,0
52,2681,4,1516,1,1
68,1543,1,7280,4,1
42,3669,15,6941,1,0
24,3665,29,2453,3,1
25,4430,37,5272,9,0
57,2771,23,3195,4,0
61,3451,29,4476,5,0
69,3987,36,4310,5,1
33,2246,38,4144,8,0
54,2094,10,9005,3,0
65,2277,13,4119,4,0
42,2650,22,3383,5,0
43,2129,15,3474,3,1
23,2320,20,7087,5,1
62,3880,3,1695,1,1
54,2903,32,3474,6,1
52,3306,13,7893,2,1
65,2449,18,5487,9,0
69,2383,4,5383,3,0
41,3285,35,9264,8,1
66,3126,30,5492,4,0
64,3777,17,3583,8,1
41,4301,30,4435,9,0
64,2308,29,2729,9,0
31,3861,20,7511,9,1
59,1920,29,6149,9,1
24,5073,3,7248,5,0
21,2213,4,7425,7,0
48,3690,9,4171,4,1
44,1912,26,3110,4,0
55,2847,15,4896,2,0
33,4545,29,3254,6,0
67,2182,12,5329,1,1
54,5204,35,7264,2,1
31,2994,20,4663,1,1
56,3975,39,5299,7,0
37,3402,14,4812,3,0
55,3457,19,6605,9,0
38,1573,19,3664,7,1
60,2527,4,607,7,1
42,4195,31,5941,7,0
44,2655,5,6975,7,1
39,3138,29,5892,7,1
57,1452,25,3719,8,1
59,2462,36,2729,1,1
41,4123,12,5988,8,0
28,1717,28,5282,7,1
48,3717,4,4748,9,1
25,3177,24,8644,0,0
37,2764,12,3106,4,1
57,2720,23,8550,1,1
56,2508,30,5063,9,0
39,2598,19,1328,4,1
47,3929,7,4641,7,1
54,2567,8,6918,8,0
31,4807,20,4269,8,0
65,3299,19,2050,0,1
67,2423,14,4670,6,0
32,3973,25,3285,7,1
41,3623,10,5983,9,0
31,1345,36,6546,2,0
59,1965,10,2887,5,0
48,2884,26,3588,2,1
25,1416,29,6513,8,1
37,5090,18,3282,2,1
40,3822,33,2835,1,0
61,2986,37,2642,8,1
66,2657,22,5704,7,0
32,2400,0,5618,7,0
26,1035,2,3631,1,0
37,1267,2,5010,5,0
39,4901,27,8054,4,0
46,4573,13,3051,1,0
68,2424,29,1096,4,0
64,3907,4,5910,3,1
64,3506,14,4779,8,0
52,3624,37,3579,0,1
26,1574,13,6304,5,1
56,1191,13,6678,6,0
58,4182,7,583,5,1
31,1020,7,3694,4,1
53,2851,18,9635,3,0
44,2632,31,6166,4,1
43,2539,30,6352,8,1
35,3314,28,7345,4,1
47,2322,10,5034,9,1
31,3395,12,6593,7,0
37,3141,26,6436,6,0
34,5098,18,6078,3,0
47,1614,25,4355,9,1
38,3029,36,5344,4,1
48,3431,8,3823,6,1
67,2743,27,5025,5,0
67,1662,31,2663,2,0
24,4257,2,3418,9,1
27,3336,31,4435,2,1
65,1733,4,3112,1,0
55,3438,7,3989,2,0
68,4701,13,4672,9,0
29,2963,2,5804,0,0
28,2997,23,6898,8,1
65,4568,12,4072,1,1
37,2029,28,7670,2,1
37,4727,7,6877,4,1
69,3972,30,6008,9,0
53,2075,25,5307,3,0
52,2331,17,5638,4,1
28,2475,17,7374,5,1
39,1166,6,7447,4,0
58,3260,37,7669,9,0
23,2121,15,5082,0,0
25,3296,32,6109,5,0
33,1709,2,7687,8,1
67,3923,37,3752,2,1
66,3737,3,4363,1,1
51,2294,35,5032,5,1
36,3359,3,6799,2,1
52,3082,8,6830,3,0
42,4482,39,4538,5,0
49,1967,16,1982,5,1
42,2847,16,5492,1,1
63,2359,32,3163,2,0
23,3044,19,2020,8,1
30,3533,13,2472,1,1
62,2348,21,5652,2,1
41,2635,26,7722,8,1
36,3966,2,5077,3,1
32,4357,23,5422,0,1
22,3493,29,7365,1,0
61,2862,7,1911,2,1
44,2766,21,6040,8,1
55,3548,24,4976,8,1
50,3227,9,6132,5,1
50,1351,28,4033,5,1
67,3572,39,3364,2,0
55,2139,0,5281,4,0
39,1583,20,8298,3,1
28,1331,38,6721,9,1
46,2783,23,3984,9,1
69,1983,8,2318,8,1
60,673,25,1635,8,1
27,2641,8,7632,0,1
50,2509,19,3089,7,0
27,2850,34,4348,8,1
23,2371,35,7642,4,0
21,4829,35,1772,3,0
56,3517,8,7984,9,0
45,2500,21,4492,3,0
57,2936,0,2702,1,0
21,4414,4,4505,8,0
35,3956,8,3554,4,0
57,1603,36,5881,2,0
33,2025,37,3703,5,1
60,2218,18,1176,8,1
28,2560,7,4558,8,1
25,2404,31,2286,4,1
29,3034,12,5408,7,1
21,3735,19,2625,3,1
56,3902,35,4023,4,0
55,2673,36,5365,6,0
22,1365,29,4575,6,1
60,1959,9,5500,6,1
43,2480,30,6360,7,1
29,1754,24,2684,4,1
54,4140,28,4871,0,0
66,1820,23,-1659,8,1
34,3617,38,5494,8,1
24,1318,20,4398,6,1
50,3657,8,3033,5,1
51,2860,1,5631,4,0
58,4512,3,7345,4,0
31,1868,7,4047,2,0
55,2435,31,3110,9,0
28,2629,13,5330,0,0
23,2847,12,2328,5,1
34,2654,20,3679,7,1
33,2673,23,7444,1,1
65,2656,17,5124,7,1
52,928,39,1241,7,0
54,3993,25,1406,9,0
65,5861,31,5324,7,1
39,3298,32,6724,9,0
58,1864,30,1764,2,1
36,1965,17,5899,9,1
22,3613,34,7660,7,0
60,3385,11,8775,3,1
37,2715,24,5662,2,0
54,3753,30,6013,8,1
62,936,9,733,7,0
36,3754,33,9199,9,0
58,3237,2,3849,1,1
22,2004,38,3133,7,1
22,1566,7,4489,2,1
46,3121,31,8023,9,1
33,4407,28,9416,5,1
67,2771,21,5250,4,1
51,2147,19,6996,7,1
54,3191,5,5086,8,1
59,4820,28,2924,6,1
23,3431,16,7953,5,1
28,3539,30,3755,5,1
43,4222,33,8071,0,0
34,3472,37,7597,4,0
47,2219,36,6228,7,1
49,1255,3,8657,5,1
59,2078,1,9464,0,1
59,1895,11,4649,4,1
21,3659,34,3382,4,0
37,3798,5,1271,2,0
61,3175,7,9489,7,1
50,1731,20,4120,8,1
33,4786,34,7270,5,1
41,2583,14,3517,5,0
39,3603,6,8076,1,1
39,3049,14,3599,9,0
45,3208,5,2616,1,1
42,3568,16,4582,5,1
51,2303,3,3936,7,1
37,4305,21,6192,1,1
43,1420,31,4897,8,1
52,1961,21,6255,8,0
30,4292,26,4417,3,1
30,3590,14,3669,3,0
56,5540,21,3832,3,1
28,3068,27,9089,4,1
40,4700,37,5450,7,1
52,1142,8,1032,1,0
34,1586,33,3959,4,0
48,3895,35,5193,1,0
66,1259,8,8690,7,0
44,2802,14,7057,0,0
35,4167,19,3156,6,1
42,3501,7,9836,2,1
50,3011,27,4937,3,1
24,2550,18,7492,7,0
33,3202,15,2689,2,0
43,3577,10,203,6,0
28,2339,7,2183,0,0
38,3371,32,-1500,8,0
32,4078,9,9224,5,0
51,2777,17,5429,2,1
34,3068,34,3150,6,1
54,3483,2,5905,4,1
38,3551,39,5378,7,1
54,3878,26,6241,7,0
31,1985,27,7419,8,1
61,2471,5,4420,5,0
32,2508,13,3240,3,0
69,2096,6,6655,1,0
35,1201,9,6604,2,0
51,-254,14,5201,4,1
69,4195,30,9355,7,1
49,1446,28,4124,9,1
46,4566,16,3200,1,0
38,3739,28,5836,4,1
52,2594,14,3650,8,1
42,3616,25,5991,1,1
58,3425,11,3333,7,1
37,1898,24,4199,2,1
43,2985,4,8781,7,1
44,2020,3,4188,3,1
28,3654,30,3402,3,0
61,2284,2,7341,6,0
26,2903,2,2897,4,1
25,2860,25,3614,3,1
64,3121,16,6153,6,1
49,4662,9,6876,2,1
48,2759,1,7440,8,0
31,4217,23,3505,4,1
21,3479,10,6192,2,0
63,4418,23,4067,1,1
39,2661,34,3788,6,0
29,3696,22,7406,6,1
47,2940,31,3900,4,0
54,10,22,5556,3,1
64,1910,33,5311,1,1
24,3582,18,2858,1,0
56,3516,1,6932,6,1
38,1705,1,6120,9,1
35,3220,14,1027,6,0
33,3503,20,5554,3,1
39,2965,34,3454,3,0
69,3728,4,7194,3,0
26,3592,26,2109,1,1
68,2964,23,4287,8,1
32,2489,6,5724,0,0
57,4042,5,5108,7,0
37,3463,32,6525,5,1
43,1618,16,1963,9,1
46,3220,29,8303,6,0
49,1848,7,6050,4,1
53,2035,39,7719,5,0
47,2348,6,6748,5,0
45,3044,5,4976,8,1
30,3374,3,2431,9,1
67,2591,0,3872,3,0
43,2634,14,8179,4,1
41,2496,30,7770,3,0
41,4047,24,3760,0,1
63,147,32,-636,9,0
33,2691,34,4574,5,1
57,4544,4,4424,4,0
53,3517,4,4500,3,1
44,4266,35,6057,5,1
64,965,16,6752,4,0
31,1757,13,6980,2,0
37,3514,28,5891,1,1
24,4550,7,1398,5,0
67,1858,33,4317,3,1
45,2612,39,9608,9,1
50,3401,0,5748,2,1
29,1547,28,5735,7,1
41,3521,35,5718,8,1
40,324,36,5830,6,1
39,3492,28,233,1,1
39,2004,4,4520,7,1
32,2552,31,4924,4,0
57,3651,23,7562,9,1
62,3447,18,5095,6,1
37,2992,11,1706,4,0
57,3969,0,5860,1,0
68,1299,6,3392,3,1
59,3204,16,2566,4,1
48,2209,33,3331,5,0
61,3918,6,6085,4,1
55,3687,16,7517,9,0
67,3723,2,5965,0,0
68,4645,28,6264,0,1
38,4126,21,5946,2,1
34,2842,37,5202,8,1
55,2998,28,6393,1,1
64,3600,4,162,9,1
61,3136,29,5222,4,0
27,3705,22,2910,8,1
61,769,20,7325,6,0
33,4880,25,4705,7,0
38,3061,20,5061,1,1
57,1377,19,1989,4,0
33,2086,22,7033,8,1
56,870,3,6254,0,0
51,1909,20,6113,0,0
22,2857,20,3373,9,0
36,4514,0,3452,7,1
29,3410,14,5447,1,0
29,3232,16,3611,8,1
58,1864,13,5869,9,1
31,2175,18,678,8,0
42,2253,33,4024,3,1
53,2293,5,8593,1,1
56,2648,5,5878,2,1
65,2723,4,5333,9,0
43,2660,6,8970,0,0
65,2328,32,328,2,0
65,3135,12,3369,4,1
54,2685,0,4197,2,1
29,1404,12,6716,2,1
44,3034,26,6751,9,1
28,2883,6,3267,5,0
27,1420,2,6995,2,1
56,2408,24,4193,2,1
38,3597,32,7423,8,1
23,1863,39,2934,1,0
48,1757,16,4753,0,1
26,2675,13,4019,9,1
64,3622,36,7112,7,0
64,4810,22,3954,2,1
41,3658,23,4915,6,1
48,4084,28,6013,1,1
60,3346,37,6090,7,0
21,2314,26,6773,8,0
56,3651,37,5422,7,0
41,2914,39,4163,7,1
63,3377,22,4300,7,1
55,2053,30,5051,6,1
33,3466,35,5499,1,1
69,2879,16,4705,7,0
30,3231,36,5038,4,1
64,2914,2,1965,5,0
67,2722,35,6334,3,1
30,3484,4,5362,0,1
66,2593,14,7003,4,1
33,1411,5,5000,2,1
57,1126,9,1523,8,0
58,3184,31,4283,3,1
44,2552,22,4600,9,1
22,1270,16,6485,1,1
42,3106,19,859,3,1
37,2906,14,5082,2,0
56,2500,21,6027,2,0
34,3246,5,3677,4,0
30,4315,3,5149,0,0
55,4284,22,3745,4,1
45,3143,18,3540,7,0
23,2915,30,4183,9,1
67,3157,2,3578,8,0
58,3309,27,6367,0,1
37,2731,2,3530,1,1
32,3174,13,3194,1,0
44,1426,17,8535,5,1
49,3081,26,6921,0,1
63,3476,9,1276,0,0
45,2510,14,3470,1,1
56,2904,18,5484,3,0
46,1888,8,5647,1,0
58,1749,3,2019,3,1
21,3210,14,7317,2,0
40,2270,7,6650,2,1
48,1223,0,5963,8,0
36,1888,6,7713,7,0
67,2033,30,5904,9,1
37,3774,17,5897,8,1
60,3179,11,8115,0,1
48,2128,29,7202,4,0
32,2412,32,3316,3,1
47,4312,6,6266,8,1
62,3936,27,3671,2,1
67,1881,2,6008,4,1
50,4163,5,5953,7,1
61,2919,30,2233,9,0
54,3799,37,4756,4,0
57,2836,14,5530,8,0
26,4185,6,4127,1,1
27,1840,29,5629,5,0
52,2744,26,6611,4,1
52,4216,16,4938,8,0
45,607,17,5449,6,1
53,2953,21,7766,7,0
27,2606,25,5946,6,1
32,3684,26,5401,9,0
36,4069,39,3083,9,1
36,3730,23,6342,4,1
63,3241,7,5660,4,1
56,3040,20,7567,3,0
33,2657,28,5093,1,0
27,3209,20,1367,8,1
56,4459,2,1599,9,0
67,2169,30,6471,9,0
29,2597,26,3859,9,1
52,2924,26,5873,9,0
31,4000,8,5228,2,0
28,3223,32,4666,2,1
53,3983,32,4807,2,0
43,4034,25,3269,7,0
45,3592,27,4968,5,1
28,1936,30,3831,0,0
65,4661,0,4255,2,1
42,4412,19,4352,3,0
24,3063,11,4546,1,1
60,1618,16,6844,5,1
23,1439,14,4740,9,1
49,3254,33,7047,0,0
61,2298,15,8075,0,0
49,1282,3,6709,7,1
54,1420,7,6068,3,0
54,2530,33,5653,0,1
48,3194,24,6730,6,1
33,4405,14,5178,8,1
35,3484,27,6969,9,0
43,2618,8,6228,6,0
64,3379,1,4280,0,1
46,3290,16,6791,0,1
24,3739,9,5182,0,1
46,2960,8,4787,7,1
60,4036,30,4047,6,1
29,3824,1,5332,2,1
25,3082,23,6992,2,0
52,2880,18,6777,2,1
40,3919,16,5706,1,1
31,2286,9,6199,3,0
35,1493,27,7543,6,1
52,1487,37,4700,8,0
48,2203,27,2769,2,1
42,3659,0,7602,9,0
61,2577,2,3940,6,0
37,3204,14,3619,3,1
46,2504,9,1407,0,1
64,2512,20,6142,4,1
27,1974,36,1757,7,0
62,2908,14,3499,2,1
46,2824,22,6176,9,0
45,3412,13,6443,3,0
30,3287,14,3696,2,0
65,2802,9,4731,9,0
39,1493,8,3254,7,1
31,4070,38,3903,9,1
33,2914,4,5532,7,0
28,3079,24,3996,3,1
60,4600,25,4511,1,0
24,3908,7,2070,2,1
67,3446,21,7265,2,1
51,2997,24,6020,3,0
48,2988,11,6585,1,1
31,3240,8,7580,1,0
63,3406,9,3349,2,1
21,4711,9,4283,0,0
69,5473,8,1210,7,1
67,3290,25,11280,5,1
58,846,34,4700,2,0
44,2048,26,7077,0,0
67,4811,30,2523,2,1
51,3718,18,6992,0,0
61,3426,37,8715,2,0
66,2833,5,4879,3,1
46,1810,14,2978,5,1
69,4677,28,4722,6,0
25,2176,4,546,6,0
40,3729,13,4924,8,1
61,1699,1,6641,7,0
31,2784,22,4928,3,1
53,3992,18,4431,5,1
58,2750,23,6055,0,1
47,2631,19,6208,7,0
54,3010,26,1680,5,0
35,1663,23,5177,1,0
52,1475,16,9871,7,1
41,3714,24,2329,3,1
66,2577,30,4829,8,0
25,3706,27,8883,3,1
26,4118,27,7208,0,1
58,4198,21,3973,6,0
42,1378,4,5412,9,0
38,2302,7,4995,4,0
34,3537,37,3503,9,1
30,3553,27,4851,4,1
66,5249,11,4440,3,1
33,2092,24,5225,5,0
51,4168,37,3503,0,0
50,3372,14,2446,2,1
23,1359,33,4917,6,1
50,2452,12,8430,7,1
26,3262,7,5164,8,1
49,1295,12,4336,0,1
28,926,35,6508,3,0
64,1238,5,4683,1,1
65,3259,37,8736,1,1
63,2515,31,4992,0,0
64,2380,20,6400,4,1
53,2414,6,3490,1,0
37,1575,25,6006,3,1
68,2543,14,5550,8,1
31,1179,22,4886,2,1
33,4187,37,3996,7,1
31,4692,14,3723,9,0
51,673,39,5564,5,1
48,2530,15,6257,9,0
64,2595,31,4745,4,1
26,2825,36,5574,1,0
61,4001,17,4924,2,1
36,2533,19,5197,7,0
24,2911,1,4599,8,0
55,5979,22,5035,6,0
68,2888,29,10396,0,1
46,4766,2,5623,5,0
32,3501,38,6290,6,0
31,2446,0,5876,5,0
57,2279,21,4474,9,0
45,2992,28,7587,1,0
38,1873,13,4417,8,1
39,2136,27,7110,2,0
43,2576,20,4331,5,1
58,3293,31,3080,5,0
38,4825,5,5730,7,1
46,2515,0,2790,3,1
26,3461,20,6071,5,0
24,1372,3,2611,0,0
64,4060,2,4361,8,0
49,1278,29,2136,8,0
54,3798,30,10648,6,1
37,2919,33,1692,0,1
63,2879,18,5019,2,1
63,2699,19,7286,4,0
36,1698,22,7072,3,0
22,1751,39,6702,4,0
54,3836,24,4365,6,1
28,3011,14,7702,8,1
33,2692,37,6826,0,0
62,3443,22,5424,4,1
28,3101,1,5481,2,0
50,2207,14,4392,2,1
52,5460,34,3180,1,0
56,3740,9,7474,5,1
67,3127,13,7624,5,0
50,2486,26,3231,2,1
21,3952,13,4692,0,0
63,2212,34,4713,6,0
59,2128,32,4934,1,0
37,4693,0,5128,7,1
40,3030,33,6893,2,1
44,2236,18,3505,0,0
42,3005,23,3307,9,1
49,3850,3,7473,8,1
42,3621,35,4074,4,0
64,3974,12,2473,0,0
29,1750,31,4029,9,1
57,3949,8,4339,5,1
30,2820,38,8109,9,0
56,3089,15,6849,2,0
57,4209,2,7295,3,0
48,3702,19,6639,7,1
48,3351,9,6892,4,0
62,1016,21,3623,5,1
63,2954,2,4602,9,0
41,2215,10,3020,3,0
44,3711,24,4579,5,0
62,3990,7,6368,2,1
60,2697,8,5269,9,0
22,2332,14,7622,0,1
28,4556,31,2717,5,0
68,2396,2,6000,0,1
47,1805,3,2503,9,0
42,2167,29,5188,2,1
57,2445,12,6480,7,1
47,2138,20,4570,6,0
49,3845,18,6102,7,0
23,802,38,3080,9,1
64,2117,21,1672,9,0
33,2952,19,6114,1,1
65,3210,36,8488,9,0
30,4691,30,3007,6,1
56,4545,9,7444,3,1
29,1399,17,5086,0,0
47,1091,38,2328,2,1
54,3024,19,2736,4,1
21,2326,17,5031,9,0
52,1807,10,4191,7,0
45,3016,21,2374,1,1
49,3230,17,1611,1,0
27,2161,33,3306,7,1
69,2375,22,5387,8,1
23,2237,0,4987,9,0
40,2588,9,3997,0,1
40,3541,0,5403,1,0
50,1922,37,7080,3,1
55,2359,38,5788,2,0
55,2600,8,4757,0,1
69,2993,30,6856,3,1
59,3275,6,3080,1,1
47,5042,16,4550,9,0
46,3572,34,4597,4,0
34,3595,36,2526,0,0
37,2733,17,4160,7,0
38,2020,32,850,9,0
65,2471,3,8824,1,1
49,2289,22,3125,2,1
40,3392,10,8172,2,0
47,1348,8,5076,3,0
38,3592,29,6129,6,1
24,2882,7,4022,8,1
21,3733,39,5415,2,1
21,2276,4,6300,0,0
46,2098,11,6329,9,1
65,2593,0,6549,0,1
40,2569,14,4263,5,0
43,3806,24,4039,4,1
30,3796,17,1811,9,1
31,4905,37,6046,6,0
61,2504,25,7164,6,1
61,-347,39,8231,2,1
25,2590,2,5610,6,1
21,3230,21,3467,8,1
37,3714,25,1605,7,0
42,3303,18,7083,2,1
54,2503,38,1407,9,1
65,4714,35,4318,4,1
61,1966,20,4551,7,0
49,2725,25,4861,1,0
24,1920,12,5071,6,1
25,3019,35,5276,9,1
31,4589,23,169,9,1
41,2859,25,5029,6,0
55,2865,20,540,7,0
32,1304,17,6464,0,0
46,2713,14,3889,7,1
39,4150,14,685,0,1
65,2749,5,3371,2,1
27,2682,30,3859,8,0
67,4105,27,7381,3,0
27,2686,7,5393,9,1
46,4292,28,5688,8,1
60,1715,20,7362,0,1
25,3677,16,4807,7,0
41,4646,23,6508,2,1
34,4007,35,6367,6,0
24,1132,30,2427,1,1
43,2361,33,7945,6,1
62,2758,1,2159,6,1
40,4009,2,6834,8,1
35,1668,29,1965,1,0
65,1981,7,6202,7,0
49,1394,6,8723,4,1
28,2174,11,4574,9,0
61,1748,18,4487,8,0
68,4597,25,6220,7,1
39,2352,27,4341,2,1
68,3690,14,8636,2,1
59,3017,13,5384,9,0
66,3003,13,4359,7,1
48,2408,2,3919,8,0
66,3770,28,3134,1,0
47,3154,5,3744,2,0
24,3096,22,4298,7,0
35,2406,27,4024,1,1
55,2570,13,3683,7,1
57,3588,13,9197,4,1
21,3230,19,2939,5,1
23,3123,12,5293,9,0
67,2245,26,6185,3,0
44,4944,34,6260,2,1
47,2520,1,4882,7,1
60,2969,39,4518,8,1
56,2812,23,5903,7,0
54,4954,28,5533,8,1
49,2709,2,4482,0,0
44,2617,3,1876,4,0
44,3118,1,4064,6,0
62,2306,19,2706,7,0
24,3111,14,3665,1,0
23,5371,31,5066,3,0
54,3299,0,5717,6,1
69,3263,37,8560,4,1
43,2282,34,3925,0,1
43,4709,6,6549,1,1
65,4939,12,5611,4,1
25,3852,0,7591,5,0
51,3653,13,6152,0,1
61,2765,28,2983,2,1
26,3391,2,1553,5,1
57,2164,23,5622,5,0
30,1873,0,3943,6,1
60,1512,9,3039,9,0
27,3410,12,2464,2,0
59,1621,35,5321,0,0
58,2500,8,8015,6,0
41,2938,13,4182,2,0
40,3995,35,6180,4,1
23,2421,9,4795,3,0
42,4113,39,2421,0,0
67,3939,22,6469,6,0
24,1928,34,2810,3,1
48,4122,6,5043,0,1
32,2716,34,4316,5,0
58,2501,1,6786,3,0
56,2720,14,2883,3,1
67,2996,8,5781,1,1
61,2584,16,3320,0,0
25,2160,38,3977,2,0
33,2248,17,-2270,9,1
43,3138,14,9184,4,0
50,2839,17,6101,8,1
57,3527,23,3465,6,0
45,3052,22,2750,3,0
68,3077,11,4008,7,1
47,3592,22,6433,3,1
34,4418,20,1215,5,0
68,4459,25,4716,0,1
67,4340,7,8541,5,1
56,3870,29,2732,9,0
59,5085,33,5160,4,1
36,3437,1,9406,1,0
42,3325,4,6264,0,0
41,5243,30,5251,5,0
41,274,32,6013,1,1
28,2786,3,4198,8,1
69,4252,5,7599,8,0
36,3980,22,4201,0,0
51,5565,18,1081,4,1
62,3107,7,4217,7,1
30,2569,38,3066,3,1
52,2667,12,4437,2,0
54,3318,0,4481,4,1
29,4621,5,7394,4,0
37,4634,6,6390,7,1
31,2943,26,5526,5,0
52,3253,14,4994,1,0
30,2388,33,2882,0,1
42,2492,22,637,2,1
37,4046,23,5226,1,1
24,4602,14,6589,3,1
68,2302,34,4783,2,0
67,3242,3,3930,8,1
45,2756,36,5929,4,1
41,3863,16,4833,3,1
57,2611,30,8371,9,1
58,1073,37,7465,8,1
69,4003,9,6919,3,1
21,2696,26,6515,5,1
45,2800,5,2419,9,1
56,3435,5,6325,0,0
37,3352,14,5752,1,1
61,3456,3,6212,3,1
44,1370,39,5985,8,1
22,3556,6,5905,5,1
60,1090,25,10401,5,0
35,3769,30,4847,8,0
52,4118,1,6872,3,1
59,1631,27,4058,2,0
26,3328,12,6581,6,1
21,4057,17,6878,6,1
67,2550,29,5728,8,0
43,3673,10,8338,5,0
59,214,12,3231,1,1
37,4098,23,4025,5,0
54,3029,28,5424,7,1
61,2742,4,6761,5,1
49,3984,34,5358,8,0
29,4729,18,7571,3,0
33,3485,12,3676,2,1
26,4608,4,2718,4,0
26,1446,13,5616,2,1
40,3665,37,4845,1,1
23,2867,21,6085,1,1
37,2211,8,4945,3,0
69,1071,39,4319,2,1
32,3611,25,4850,8,1
68,3875,4,5057,6,1
67,4342,28,4390,5,1
65,4176,21,4593,9,1
21,2228,2,4192,7,0
37,4290,27,6713,8,1
23,4396,37,5388,2,1
46,2740,13,9513,9,1
35,3028,13,5321,6,0
56,2065,10,3898,8,0
52,4480,8,10341,0,1
52,1488,37,5827,9,0
24,3534,5,6980,8,0
38,2403,0,6184,6,1
69,1892,24,6246,9,1
39,1125,15,6071,3,0
63,2784,14,2795,5,1
55,1735,33,5735,5,1
60,3056,16,2350,5,1
34,4769,2,4651,1,1
53,3199,2,3548,4,0
34,4997,36,5714,6,1
54,2017,16,5668,5,0
24,1719,37,5962,2,0
44,1972,0,5574,4,1
49,2934,6,3786,7,0
39,5722,25,4477,4,1
26,1337,38,6840,9,0
53,3619,18,7135,2,0
69,2300,29,2706,8,1
60,2776,13,1938,2,1
39,1741,12,3546,1,0
21,3879,19,7090,5,1
25,2956,25,7429,7,0
47,4087,26,3150,5,0
36,3175,24,5614,0,0
26,1068,8,8668,7,0
60,4096,11,5830,0,0
33,986,9,7843,8,1
68,1130,5,6997,7,1
55,2082,33,3179,5,0
39,2096,18,4620,1,1
32,4396,5,5069,8,0
36,2828,1,5208,7,0
63,4247,14,6832,3,0
30,2432,16,5817,1,0
45,3317,15,-872,5,1
40,3474,27,2374,0,0
51,3696,20,625,6,1
24,2535,7,5350,0,1
64,2622,9,5480,5,1
43,2701,9,5566,4,1
22,1347,9,3082,9,0
42,2916,8,6348,2,0
57,2616,27,6432,5,1
28,3580,23,2489,3,0
27,3091,18,2067,5,0
34,4336,32,4999,3,1
23,3070,3,8583,0,0
36,2437,2,8399,4,1
39,3057,11,6126,7,0
38,3724,17,3540,5,1
36,1226,22,6773,9,1
28,2284,19,4095,8,0
53,2305,5,3464,3,1
69,3410,33,712,9,1
32,3527,1,5204,8,1
31,3101,29,3740,7,1
25,521,8,5192,2,1
47,1348,26,401,5,0
32,2761,33,5339,3,0
37,2498,39,137,0,1
26,3005,23,7175,8,0
53,2530,16,6043,3,0
25,4531,28,4442,4,0
48,706,35,6125,2,1
34,3302,11,3043,3,1
25,3828,30,5144,8,1
53,3701,8,6589,6,1
68,3787,18,-1188,7,1
61,3931,16,4105,2,1
39,2396,1,4954,2,0
42,1898,39,4607,6,0
25,965,4,7914,7,1
22,2637,38,2752,4,0
50,2222,15,3757,0,1
67,4161,16,1168,2,1
59,2712,26,8020,4,1
24,1969,6,4507,2,0
53,1811,7,4123,0,0
33,4988,7,4895,6,1
40,2977,22,6272,0,0
27,2218,31,5694,9,1
35,3124,17,10295,5,1
43,4896,37,5907,5,1
34,2610,11,4069,6,1
43,3687,14,3877,0,1
39,4186,27,4214,2,1
49,1108,37,1996,8,0
40,2361,30,5079,1,0
49,4061,8,6566,4,1
44,2300,7,3773,2,1
38,3414,18,3385,4,1
30,2241,7,8031,6,0
61,2554,33,2147,0,1
28,2432,3,864,2,0
46,3636,30,2694,5,1
49,3201,37,1919,6,1
30,3098,2,5772,9,0
37,5507,34,4278,2,0
22,4739,18,4560,3,0
26,1018,28,7305,5,1
25,2556,9,3617,4,1
48,5426,11,6550,8,1
61,2425,29,8022,0,1
25,5087,29,4088,4,1
38,2573,17,6474,0,1
46,2766,23,4516,7,1
40,3863,31,6848,6,0
61,2909,8,1857,4,1
69,3494,23,1708,5,1
47,4574,25,4217,3,0
69,3758,2,3222,8,1
32,3141,22,3966,2,1
27,4673,10,4560,1,0
23,3876,9,6440,6,0
30,2266,35,4184,1,1
54,4980,12,3352,5,1
45,3642,28,4296,7,1
55,2786,37,3461,2,1
36,979,12,3131,2,0
22,1622,25,1773,2,0
44,4700,19,5138,0,0
30,4739,4,3862,8,1
58,3085,19,6932,4,1
42,1229,13,2105,8,0
46,1913,13,3915,4,1
63,1376,7,8625,6,1
59,1339,12,3120,0,0
47,5026,23,4526,8,1
49,5059,14,2568,0,1
67,1879,0,2303,3,0
58,2991,21,8094,6,1
40,1715,33,5342,8,0
47,2984,39,5267,0,0
61,4639,2,1607,5,0
40,4078,25,5717,9,1
64,3808,13,7314,4,1
39,2805,7,7298,2,1
40,4261,15,6336,9,1
55,3646,20,2741,1,1
67,3403,9,5626,0,1
22,2884,24,6335,1,1
50,3318,37,1411,3,1
54,3288,21,2757,5,0
42,2458,3,6776,4,1
23,2225,3,6752,3,1
26,2003,29,1902,7,1
35,2067,1,6590,6,0
47,2811,28,5190,3,1
30,2647,35,6562,9,1
29,2379,20,3730,4,0
53,2305,20,6290,9,0
52,3291,20,6687,4,0
68,4377,3,4297,2,1
26,2989,0,5035,8,1
61,2923,25,3702,4,0
56,2065,1,8303,9,1
22,2776,8,4759,1,0
49,4190,17,3155,3,1
24,4037,10,3568,3,1
21,3967,24,5253,4,1
39,3935,25,6506,7,0
46,3436,35,2328,4,1
45,3401,34,8695,0,1
30,3244,37,5617,1,1
35,2583,2,5932,2,1
42,3083,34,4805,2,1
68,3215,39,5038,9,0
41,3633,21,4703,5,1
42,3100,7,7035,8,1
56,5105,14,4984,9,1
54,1790,6,6534,0,1
50,3754,18,4132,5,1
45,2958,39,5391,8,1
65,3002,16,3392,3,0
48,2187,0,7433,9,1
21,4019,28,3332,2,0
69,3652,12,4350,5,1
65,3833,28,4370,5,1
24,3169,5,4292,1,0
27,2675,4,6444,4,1
69,2933,33,4366,0,1
29,3433,10,7787,8,1
56,994,8,3363,8,0
39,3872,37,5338,2,1
21,5426,39,3448,4,1
30,3480,8,5841,2,0
56,2719,7,4968,6,1
29,2838,39,4689,0,0
65,3707,2,7376,4,0
66,2741,12,3691,5,1
62,3868,18,6173,6,0
52,2825,33,3462,2,1
52,4714,31,5225,6,1
26,4686,15,2608,3,1
68,2669,35,3674,9,0
58,2918,17,4835,5,1
37,2977,13,8629,4,0
30,2991,29,5201,3,1
47,2052,1,8309,5,0
55,1912,12,5440,2,1
41,4249,26,4225,2,1
45,4089,16,8078,4,1
48,4072,30,5874,4,0
67,2930,14,3714,8,1
35,4892,19,5941,3,1
24,2977,4,4414,4,1
49,3862,6,1021,8,0
29,1611,17,6871,3,0
47,2770,10,7189,2,0
46,2844,31,8675,6,0
39,2934,26,5844,6,0
48,1674,25,4502,7,1
37,3703,36,6669,3,0
63,4028,27,6699,3,1
61,2256,1,8276,8,1
62,1852,19,4910,9,1
40,2231,3,4668,6,1
65,3495,12,3568,2,0
60,2403,23,6074,8,0
59,2865,37,1903,4,1
69,1926,39,6552,3,0
43,4979,28,6175,0,0
67,3073,35,6170,8,1
52,4149,1,5276,5,0
67,3493,17,8065,1,1
53,2958,7,6743,6,1
66,2906,14,3785,2,1
25,2274,16,3821,5,1
63,2549,22,3240,7,0
68,1992,1,6102,2,1
54,1883,5,2999,4,0
60,5086,28,7166,5,1
31,3278,26,7645,0,0
23,4465,36,3241,9,1
53,2205,33,4628,6,1
31,1748,17,5033,3,0
36,2022,9,6767,9,0
38,2577,37,8218,6,0
50,3036,16,1629,6,1
68,2849,12,4363,4,0
30,2226,26,4467,7,1
38,3087,1,2198,7,1
58,3175,33,4029,4,1
39,3702,30,5855,4,1
56,4470,22,4442,6,0
33,2636,6,1910,5,0
66,4215,37,10748,3,1
23,3065,32,5532,1,1
30,1472,11,5223,7,0
58,4783,11,2804,2,0
21,5272,18,5521,1,0
47,3619,8,4671,9,0
66,3089,9,1222,6,0
28,2728,16,2859,9,1
66,2536,39,6589,5,1
62,4210,38,8888,7,0
37,2982,9,5734,5,1
29,4673,11,7206,6,0
26,3034,14,4688,1,1
63,2587,30,4826,9,1
45,2398,14,7181,1,1
59,2256,27,8325,5,0
69,3514,3,7602,8,0
48,1705,35,2867,2,1
53,2181,0,4866,9,0
57,4324,33,5555,7,0
29,2045,16,4480,4,0
38,3862,38,5775,5,1
41,936,37,6641,5,0
22,4450,32,7005,9,1
63,1729,20,8371,2,1
58,2123,25,4341,4,0
60,3680,35,2271,0,1
56,3270,4,5716,1,0
63,3894,32,8767,9,1
57,1721,0,4046,2,1
35,2713,5,6373,3,1
48,2382,36,6391,8,1
38,1889,1,5382,0,0
54,3595,4,5013,2,1
42,3943,25,3153,2,1
31,2663,12,436,5,0
33,4522,11,2776,4,0
24,2214,4,4219,2,0
42,4498,1,7194,3,0
27,3562,3,4793,6,1
63,1776,26,3961,2,0
44,4981,9,3218,8,1
24,2555,12,6313,7,0
48,4205,1,7716,1,0
35,3145,25,7126,4,0
21,3374,14,6212,3,0
23,3901,9,2048,4,1
34,3845,21,4296,2,1
58,2657,39,8894,9,0
21,3531,24,7243,0,1
58,3456,14,1924,7,1
58,3213,12,4888,8,1
41,2796,7,5726,7,1
68,3211,20,3475,3,1
49,4967,20,381,1,1
25,2704,21,5197,3,0
69,4206,32,3424,8,0
30,2380,26,3432,9,1
48,2118,39,4290,8,1
41,6276,21,4732,4,1
27,3540,29,4981,4,1
23,3567,8,3232,9,0
65,3595,34,4559,2,1
67,4407,17,1485,5,1
40,3407,4,5622,6,1
39,3816,26,-712,9,1
55,1941,5,4421,8,0
24,3983,31,6838,6,0
25,2763,7,2881,2,1
21,3671,38,6432,6,0
24,1284,20,7311,0,1
32,3630,17,-1615,1,1
47,758,13,4697,3,0
62,2724,14,-751,6,1
43,1294,25,4763,8,1
45,3633,31,4985,4,1
41,3069,38,34,7,0
44,2229,27,8849,6,1
45,4434,38,5572,4,1
65,2103,31,3301,2,1
66,-31,12,7930,2,1
52,3513,14,1408,5,1
52,1233,17,2541,9,0
25,2134,38,401,3,0
56,2482,5,8602,2,1
66,1576,10,5664,3,1
62,2506,31,6318,2,1
69,1594,39,5602,9,0
62,3162,19,6147,5,1
59,1771,32,5156,6,0
36,3030,39,5541,3,1
53,4162,7,5215,2,0
69,3782,34,3782,2,1
41,2918,4,4906,2,0
29,2011,34,5547,8,1
26,3159,13,5221,2,0
65,2304,20,2044,2,1
55,3201,23,2310,7,1
59,1284,16,7165,3,1
42,3807,17,4386,6,0
61,3033,33,6169,2,0
25,5208,11,2815,7,1
62,4306,15,2053,2,0
43,3566,3,3312,4,0
37,2876,24,4554,0,1
32,2270,33,3669,4,1
43,3942,27,7587,5,0
36,2770,10,5359,6,0
23,4168,12,8697,1,1
50,3400,30,5808,1,1
42,3407,24,174,8,0
29,3594,38,7112,9,0
49,2080,9,1980,0,1
67,1977,23,5461,1,0
57,1943,0,3450,1,1
43,4047,24,9285,9,1
33,2054,27,7879,6,1
52,2178,35,3516,5,1
66,3537,17,4745,8,0
67,2747,5,5489,6,0
68,2620,1,6726,2,1
43,2533,2,5058,2,1
65,674,7,2950,0,0
37,2033,30,3564,7,0
60,4181,18,4991,0,0
41,2460,5,7468,1,0
22,1099,13,5855,6,1
57,1992,2,3453,0,1
26,3359,0,6296,3,1
64,3340,29,4226,8,0
38,2705,18,6780,7,0
50,2310,18,10054,7,0
42,1597,8,4282,2,0
53,3368,6,6603,4,0
50,3837,36,3509,3,0
37,4288,6,4775,7,1
63,1889,8,5059,6,1
52,4365,3,4612,6,0
62,2943,24,9926,9,1
34,3026,11,4386,9,1
30,3893,5,6173,6,1
67,2459,17,1139,0,1
56,836,39,5863,6,1
54,3704,20,7284,3,1
29,3348,14,3944,2,0
62,2639,2,-20,4,1
48,3622,1,4922,1,1
31,3826,39,5034,7,1
34,1487,3,6448,8,1
59,3022,31,9021,4,1
67,722,1,4239,2,1
39,2876,28,3287,9,0
35,2627,1,2666,6,1
48,3491,33,5396,0,1
44,1926,26,5958,9,1
28,2578,38,3908,2,1
63,-216,37,6557,8,0
29,3557,17,5930,1,1
67,2911,35,5086,8,0
53,3087,18,3195,0,1
53,1506,26,4036,3,0
39,3398,19,140,9,1
23,4652,20,5471,5,1
30,2815,22,5052,6,1
60,3650,29,5376,2,1
67,2129,24,6008,8,1
62,2923,30,5771,3,1
21,1468,26,4779,4,0
49,3788,33,5097,7,1
54,3159,7,2191,2,0
33,1780,18,3832,7,1
21,2198,25,5100,0,0
54,3061,27,3528,7,1
49,3923,3,6720,9,1
68,4479,30,3682,7,0
67,2865,15,5432,5,1
33,1635,9,5233,4,1
68,3238,37,6492,8,1
69,4784,9,6801,5,1
49,1377,8,6388,0,1
59,2045,38,787,5,1
44,3610,35,7388,0,0
46,3153,35,8054,5,0
37,2454,18,4035,2,0
27,3220,18,5473,5,1
33,3977,11,3218,5,0
25,2901,12,1103,0,1
46,2813,24,3522,8,0
69,3589,35,3919,7,0
23,2729,24,4290,1,0
27,4142,27,3082,1,1
69,5026,38,3533,4,1
59,2107,29,4977,9,1
21,1749,4,3459,1,1
69,3371,16,6087,0,1
37,1714,17,6363,1,1
63,1697,20,9760,4,1
45,950,21,7251,9,1
23,2617,38,5486,6,0
35,2967,5,3759,4,1
49,2482,15,5587,0,0
63,4390,1,5653,6,0
52,4315,0,3973,5,1
46,4928,29,6567,6,1
36,3046,36,2203,1,0
45,4183,22,4511,4,1
48,3308,0,6111,7,1
29,3208,18,4424,6,1
21,2532,2,4586,5,1
49,736,1,4724,5,1
42,3637,36,3328,0,0
36,4154,16,7347,0,0
61,1474,27,2963,6,0
